grTitle,enTitle,longitude,latitude
"Ανακτορικό συγκρότημα Γαλέριου","Palatial complex of Galerius","22.949315","40.630335"
"Μικρό θέατρο Αμβρακίας","Small theatre of Ambracia","20.983605","39.161017"
"Αρχοντικό Σαράφογλου","Sarafoglou Mansion (Folk-Art Museum of Veria)","22.203519","40.521615"
"Βαλιδέ Τζαμί Μυτιλήνης","Valide Djami in Mytilene","26.554888","39.111353"
"Βωμός Διονύσου","Altar of Dionysos","27.289739","36.891053"
"Μινωική έπαυλη Νίρου Χάνι","Minoan villa at Nirou Chani","25.259457","35.331615"
"Τρενάκι Πηλίου Βόλος - Μηλιές Μαγνησίας","Train of Pelion","23.054399","39.325308"
"Ναός της Ήρας στην Ολυμπία","Temple of Ηera at Olympia","21.629867","37.638855"
"Ναός του Δία στην Ολυμπία","Temple of Zeus at Olympia","21.630221","37.637926"
"Αρχαίο στάδιο Ολυμπίας","Ancient stadium of Olympia","21.633263","37.639273"
"Εργαστήριο του Φειδία","Workshop of Pheidias","21.628738","37.637756"
"Στοά της Ηχούς","Echo hall","21.631616","37.63851"
"Ναός της Αφαίας","Temple of Aphaia","23.533109","37.754387"
"Λεωνιδαίο","Leonidaion","21.629151","37.637055"
"Παλαίστρα Ολυμπίας","Palaestra of Olympia","21.628625","37.638513"
"Φιλιππείο","Philippeion","21.629352","37.638702"
"Ηραίον Σάμου","Heraion of Samos","26.885691","37.671822"
"Αρχαίο γυμνάσιο Ολυμπίας","Ancient gymnasium of Olympia","21.628711","37.639154"
"Ακαδημία Αθηνών","Academy of Athens","23.734025","37.980097"
"Αμαράντειος Σχολή Ρόδου","Amaranteios School of Rhodes","28.22091","36.450682"
"Ανάγλυφο του Μίθρα Ταυροκτόνου στις Θέρμες","Relief of Mithras Tauroctonos (Mithras the Bull-slayer) at Thermes","24.99226","41.350816"
"Ανάκτορο Kνωσού","Palace of Knossos","25.1631","35.297781"
"Ανάκτορο Φαιστού","Palace of Phaistos","24.814682","35.050655"
"Αρχαίο θέατρο Άργους","Ancient Theatre of Argos","22.719544","37.631605"
"Θέατρο Αρχαίας Πόλεως Επιδαύρου","Theatre of Ancient Epidaurus","23.1601","37.6334"
"Αρχαίο θέατρο Ερέτριας","Ancient Theatre of Eretria","23.790615","38.399275"
"Θέατρο Κοπανού Ημαθίας","Theatre at Kopanos (Emathia)","22.129658","40.635157"
"Αρχαίο θέατρο Α΄ Λάρισας","Ancient Theatre A of Larissa","22.415053","39.640452"
"Αρχαίο θέατρο Β΄ Λάρισας","Ancient Theatre B of Larissa","22.412088","39.640165"
"Αρχαίο θέατρο Μυτιλήνης στη Μυτιλήνη","Ancient theater of Mytilene in Mytilene","26.546806","39.108087"
"Άγιος Γεώργιος Χουρμαλί, Μεσαιωνική Πόλη Ρόδου","St. George (Hagios Georgios) Hourmali","28.222975","36.444045"
"Αγία Παρασκευή, Μεσαιωνική πόλη Ρόδου","St. Paraskevi (Ayia Paraskevi), Medieval Town of Rhodes","28.223992","36.443206"
"Ιερός Ναός Αγίου Ιωάννη Ελεήμονα","Church of Agios Ioannis Eleimon at Ligourio","23.040084","37.610556"
"Δημαρχείο Αθηνών","Athens City Hall","23.727196","37.981949"
"Δημοτική Αγορά Πύργου Ηλείας","Municipal Market (Agora) of Pyrgos","21.44046","37.671257"
"Δημοτική Αγορά Χανίων","Municipal Market of Chania","24.020268","35.514503"
"Δημοτικό Θέατρο Πατρών","Municipal Theatre of Patras","21.735393","38.2466"
"Δημοτικό Θέατρο Πειραιά","Municipal Theater of Pireus","23.646854","37.943303"
"Εθνική Βιβλιοθήκη","National Library","23.733017","37.981152"
"Εθνική Τράπεζα της Ελλάδος (Χώρα Χίου)","National Bank of Greece (Chios)","26.136641","38.371247"
"Εθνικό Θέατρο Αθηνών","National Theater of Athens","23.72523","37.984813"
"Εθνικό Θέατρο Ρόδου","National Theatre of Rhodes","28.224054","36.451851"
"Ελαιοτριβείο Αγίας Παρασκευής","Oil-Press at Agia Paraskevi","26.268372","39.244585"
"Έπαυλη Βαρωνίδας φον Σβαρτς","Residence of Baroness Von Schwartz","24.039419","35.518144"
"Βασιλική έπαυλη Αγίας Τριάδας","Royal villa at Agia Triada","24.791722","35.059347"
"Ρωμαϊκή Έπαυλη Ριζών","Roman villa at Riza","20.610223","39.114162"
"Ευπαλίνειο Όρυγμα","Tunnel of Eupalinos","26.554736","37.414108"
"Θολωτός τάφος του Ατρέως","Treasure of Atreus","22.753547","37.726835"
"Θολωτός τάφος Βαφειού","Vapheio tholos (bee-hive) tomb","22.468151","37.0209"
"Θολωτός τάφος Φαρσάλων","Tholos tomb at Farsala","22.371125","39.295052"
"Θολωτός τάφος στη Φυλακή Αποκορώνου","Tholos tomb at Phylaki","24.317044","35.319389"
"Συγκρότημα Ιαματικών Πηγών Καλλιθέας","Kallithea springs","28.237261","36.377668"
"Κάζα Μπιάνκα","Casa Bianca","22.957624","40.592301"
"Καζούλειο Παρθεναγωγείο Ρόδου","Kazouleion Girls' School of Rhodes","28.228329","36.435181"
"Μονή Ταξιάρχου Μιχαήλ Θάρρι","Monastery of St. Michael (Taxiarches Michael) at Tharri","27.932986","36.161162"
"Καπνικαρέα","Kapnikarea","23.728571","37.976345"
"Ελαιοτριβείο και Κέλλα της Εκκλησίας στο Ασκληπειό Ρόδου","Oil- press and \"Cella\"of the Church at Asklepeio","27.929735","36.071987"
"Κρήνη του Θεαγένους","Theagenes' Spring at Megara","23.340883","37.993848"
"Κτήρια εγκαταστάσεων εταιρείας Κωπαΐδας","Buildings of the Installations of Copais Company","23.101405","38.373348"
"Μέγαρο Λιοπυράκη","Megaron Liopiraki","25.134277","35.341544"
"Κτίριο Κληρονόμων Στέφανου Μηλιαρά","Building of \"Efkafi\" - Property of Stephanos Meliaras' heirs","25.133746","35.337672"
"Αρχοντικό Κουγιουμτζόγλου/ σήμερα Λαογραφικό Μουσείο στην οδό Αντίκα 5-7, Παλιά Πόλη Ξάνθης","Kouyioumtzoglou Mansion/ today Folk Art Museum","24.88774","41.143574"
"Λευκός Πύργος","The White Tower","22.948331","40.626357"
"Ρωμαϊκά Λουτρά Αχαράβης","Roman baths at Acharave","19.4829","39.471"
"Μακεδονικός Τάφος των Ανθεμίων στη Νάουσα","Mieza,  the so-called Macedonian Tomb of the Palmettes","22.139117","40.654522"
"Μακεδονικός Τάφος Γ στην Πέλλα","Macedonian Tomb C at Pella","22.559094","40.738966"
"Μακεδονικός Τάφος Δ στην Πέλλα","Macedonian Tomb D at Pella","22.550876","40.74199"
"Μακεδονικός Τάφος της Κρίσεως στη Νάουσα","Mieza, the so-called macedonian tomb of Jugdment","22.136346","40.654072"
"Μακεδονικός Τάφος  των Λύσωνος και Καλλικλέους στη Νάουσα","Mieza, the macedonian Tomb of Lyson and Kallikles","22.127608","40.652568"
"Μακεδονικός τάφος στη Σταυρούπολη","Macedonian Tomb at Stavroupolis","24.72192","41.183677"
"Μακεδονικός τάφος Συμβόλων","Macedonian tomb at Symbola","25.413364","41.18059"
"Μινωική έπαυλη Βαθυπέτρου","Minoan villa at Vathypetro","25.15079","35.209716"
"Μέγαρο Φυτάκη","Phytakis Megaron","25.138354","35.340726"
"Μεταλλευτικό Συγκρότημα Καμάριζας Λαυρίου","Mining Complex of Camariza in Lavrion","24.01345","37.72451"
"Μνημείο Λυσικράτους","Lusikrates Monument","23.72994","37.971107"
"Μνημείο Φιλοπάππου","Philopappos Monument","23.72143","37.967368"
"Μονή Κοίμησης της Θεοτόκου στο Δαμάνδρι","Monastery of the Koimisi tis Theotokou at Damandri","26.221692","39.084294"
"Παρθενώνας","Parthenon","23.726601","37.971527"
"Κάστρο Πατρών","Fortress of Patras","21.742855","38.24537"
"Κάστρο Μενδενίτσας","Castle of Mendenitsa","22.615362","38.753096"
"Κάστρο Παράλιου Άστρους","Castle of Paralion Astros","22.766354","37.418419"
"Κάστρο Νερατζιάς","Castle of Neratzia","27.290144","36.896259"
"Αρχοντικό του Γεωργίου Σβαρτς στα Αμπελάκια","Georgios Schwartz mansion at Ampelakia","22.556275","39.853482"
"Τείχος πόλης Δίου στο Δίον","Walls of Dion","22.486289","40.177316"
"Ερέχθειο","Erechtheion","23.726408","37.972109"
"Προπύλαια","Propylaea","23.72512","37.971737"
"Πόλη Δίου","City of Dion","22.483671","40.171725"
"Μεγάλες θέρμες στο Δίον","Great thermae of Dion","22.491782","40.176119"
"Έπαυλη του Διονύσου στο Δίον","Villa of Dionysos","22.4922","40.178816"
"Ιερό Δήμητρας στο Δίον","Sanctuary of Demeter","22.493606","40.175348"
"Ιερό Ολυμπίου Διός στο Δίον","Sanctuary of Zeus Olympios","22.494185","40.171512"
"Ιερό Ίσιδας στο Δίον","Sanctuary of Isis","22.495494","40.176381"
"Ναός της Αθηνάς Νίκης","Temple of Athena Nike","23.724882","37.971551"
"Ελληνιστικό θέατρο στο Δίον","Ancient Theatre of Dion","22.491868","40.172315"
"Ρωμαϊκό θέατρο στο Δίον","Roman Theatre of Dion","22.495515","40.170741"
"Μακεδονικοί τάφοι στο Δίον","Necropolis of Dion","22.484175","40.177127"
"Βραυρώνιο","Brauronion","23.725308","37.971536"
"Βουλευτήριο Δωδώνης","Bouleuterion","20.471592","39.324718"
"Ναός Παναγίας Παρηγορήτισσας Άρτας","Church of Panagia Parigoritissa at Arta","20.9835","39.1588"
"Καθολικό Μονής Οσίου Λουκά στο Στείρι","Monastery of Osios Loukas at Steiri","22.746736","38.395351"
"Ναός Παναγίας της Κεράς (Κοίμηση της Θεοτόκου) στην Κριτσά","Church of Panagia Kera at Kritsa","25.655061","35.156741"
"Νέα Μονή Χίου","Nea Moni at Chios","26.055534","38.373981"
"Πρυτανείο Δωδώνης","Prytaneion of Dodoni","20.471592","39.324718"
"Αρχαίο θέατρο Δωδώνης","Ancient Theatre of Dodoni","20.4713","39.3248"
"Αρχαίο στάδιο Δωδώνης","Ancient Stadium of Dodoni","20.4713","39.3248"
"Ναός της Διώνης στη Δωδώνη","Temple of Dioni at Dodoni","20.471592","39.324718"
"Ναός του Ηρακλή στη Δωδώνη","Temple of Hercules at Dodoni","20.471592","39.324718"
"Ναός της Θέμιδας στη Δωδώνη","Temple of Themis at Dodoni","20.471592","39.324718"
"Ναός της Αφροδίτης στη Δωδώνη","Temple of Venus at Dodoni","20.471592","39.324718"
"Ακρόπολη Δωδώνης","Acropolis of Dodoni","20.4713","39.3248"
"Τάφος  Φιλίππου Β΄ στις  Αιγές","Aigai, The tomb of Philipp II","22.319463","40.487779"
"Ναός Επικούριου Απόλλωνα","Temple of Apollo Epikourios","21.900387","37.429655"
"Δωρικός Ναός στο Καρδάκι","Doric Temple at Kardaki","19.5128","39.3555"
"Αρχοντικό Παύλου Κουντουριώτη","Pavlos Kountouriotis Mansion","23.463487","37.351004"
"Ανεμόμυλος Περάματος Γέρας","Windmill of Perama, Geras","26.503094","39.046848"
"Φούρνος Μεσαγρού","Mesagros Bakery","26.445061","39.036161"
"Ναός του Απόλλωνα στους Δελφούς","Temple of Apollo at Delphi","22.501279","38.482269"
"Θολωτός τάφος Β΄ Κραννώνας","Tholos tomb Β at Krannonas","22.305331","39.493303"
"Μινωική έπαυλη στη θέση \"Πλακάκια\" Αγίου Στεφάνου Μακρύ Γιαλού","Minoan villa in Plakakia of Makry Gialos","25.967128","35.037888"
"Σπήλαιο Κουτούκι","Cave Koutouki","23.828718","37.946109"
"Σπήλαιο Βλυχάδα ή Γλυφάδα","cave Vlychada or Glyfada","22.380652","36.638164"
"Αψίδα Γαλερίου","Triumph Arch of Galerius","22.951737","40.63224"
"Μακεδονικός τάφος Φοίνικα","Macedonian tomb at Phinikas","22.73458","40.711043"
"Μακεδονικός τάφος στον Άγιο Αθανάσιο","Macedonian tomb at Agios Athanasios","22.728328","40.71677"
"Κάστρο Λαμίας","Castle of Lamia","22.435015","38.904034"
"Ανδριάντας Λεωνίδα","Statue of Leonidas","22.536561","38.796795"
"Μεσαιωνικό Κάστρο στη Λειβαδιά","Medieval Fortress of Livadia","22.870974","38.429207"
"Ρωμαϊκή Έπαυλη στη Λουκού Κυνουρίας","Roman Villa in Loukou Kynourias","22.6854","37.415926"
"Μονή Μεταμόρφωσης Σωτήρος Λουκούς","Metamorfosi Sotiros (Transfiguration) Monastery of Loukou","22.683393","37.413719"
"Μονή Αγίας Λαύρας","Monastery of Agia Lavra","22.080747","38.01273"
"Μονή Αγίου Δημητρίου στην Κυψέλη","Monastery of Agios Dimitrios of Kipseli","20.560784","39.307273"
"Μονή Αγίου Ιωάννου Προδρόμου","Monastery of Aghios Ioannes Prodromos (St. John the Baptist)","20.742802","37.848006"
"Ναός Αγίου Νικολάου Αγόριανης","Church of Agios Nikolaos at Agoriani","22.268021","37.207495"
"Μονή Αγίου Παντελεήμονος","Monastery of Agios Panteleimon","24.199941","40.238899"
"Μονή Αγίου Παύλου","Monastery of Agios Pavlos","24.289499","40.160615"
"Ναός Αγίων Αποστόλων Λεονταρίου","Church of Aghioi Apostoloi at Leontari","22.14616","37.320941"
"Μονή Αγίων Τεσσαράκοντα","Monastery of Agioi Tessarakontes","22.479158","37.116809"
"Καθολικό μονής Βαρσαμόνερου","Monastery of Varsamoneron","24.863799","35.140459"
"Μονή Βατοπεδίου","Monastery of Vatopedi","24.210745","40.314745"
"Μονή Βροντησίου","Vrondisiou Monastery","24.881029","35.143705"
"Μονή Δαφνίου","Monastery of Daphni","23.635827","38.012813"
"Μονή Ευαγγελίστριας Σκιάθου","Monastery of the Evangelistria at Skiathos","23.482043","39.190156"
"Μονή Ευαγγελίστριας Δαπόντε","Monastery of the Evangelistria at Daponte","23.778867","39.116593"
"Μονή Ζωγράφου","Monastery of Zographou","24.16209","40.305222"
"Μονή Θεοτόκου \"Αναφωνήτριας\"","Monastery of Theotokos Anafonitria","20.645041","37.844552"
"Μονή Καισαριανής","Monastery of Kaisariani","23.798125","37.960694"
"Μονή Κάτω Παναγιάς","Monastery of Kato Panagia","20.98933","39.144983"
"Μονή Κορώνας","Monastery of Korona","21.778514","39.316237"
"Μονή Κουτλουμουσίου","Monastery of Koutloumousiou","24.247534","40.253148"
"Ναός Πόρτας Παναγιάς Πύλης","Church of Porta Panagia at Pyli","21.609807","39.45995"
"Μονή Μεγίστης Λαύρας","Monastery of Megisti Lavra","24.382728","40.170876"
"Μονή Ξηροποτάμου","Monastery of Xiropotamou","24.22039","40.228104"
"Ιερά Μονή Παναγίας Ολυμπιώτισσας στην Ελασσόνα","Monastery of Panagia Olympiotissa at Elassona","22.183129","39.897893"
"Μονή Γρηγορίου","Monastery of Gregoriou","24.256375","40.180472"
"Μονή Παντοκράτορος","Monastery of Pantokratoros","24.266632","40.283724"
"Μονή Πρέβελης","Monastery of Preveli","24.456566","35.157699"
"Μονή Σταυρονικήτα","Monastery of Stavronikita","24.276773","40.267996"
"Μονή Αγ. Τριάδας Τζαγκαρόλων στο Ακρωτήρι","Monastery of Ag. Triada Tzangarolon","24.135313","35.560684"
"Μονή Τιμίου Προδρόμου","Monastery of Timios Prodromos","24.136469","40.959468"
"Μονή Τοπλού","Monastery of Toplou","26.215999","35.221449"
"Μονή Φιλοθέου","Monastery of Filotheou","24.290975","40.225753"
"Μονή Φιλοσόφου","Philosophos Monastery","22.046106","37.556979"
"Μπούρτζι","Bourtzi","22.790271","37.569772"
"Κάστρο Μύρινας","Castle of Myrina","25.055729","39.877903"
"Φρούριο Παλαμηδίου","Fortress of Palamidi","22.803798","37.562082"
"Κάστρο Πύλου - Νιόκαστρο","Castle of Pylos","21.691201","36.912178"
"Φρούριο Ρίου","Fortress of Rio","21.781479","38.311007"
"Σπήλαιο Κουβελέικη Α΄","Cave Kouveleiki A΄","22.747137","36.95376"
"Σπήλαιο Αλεπότρυπα","Cave of Alepotrypa","22.382353","36.638494"
"Σπήλαιο Κουβελέικη Β΄","Cave Kouveleiki Β","22.747302","36.954655"
"Σπήλαιο Ειλειθυίας","Eileithyia cave","25.205426","35.324553"
"Σπήλαιο Θεόπετρας","Cave Theopetra","21.68191","39.682491"
"Σπήλαιο Λιμνών","Cave of Lakes","22.140522","37.960618"
"Σπήλαιο Νύμφης Κορώνειας","Nymphe Koronia Cave","22.890402","38.354239"
"Σπήλαιο Σαρακηνό","Cave of Sarakenos","23.204526","38.452261"
"Σπήλαιο Καλαμάκια","Cave of Kalamakia","22.380874","36.679931"
"Σπήλαιο Δράκαινας","Drakaina Cave","20.770878","38.148929"
"Ανεμόμυλοι \"Σελί Αμπέλου\", Οροπέδιο Λασιθίου","The windmills of Lasithi  (at Lasithi plateau)","25.455226","35.204765"
"Σπήλαιο Χρυσοσπηλιά","Cave Chrissospilia","24.930933","36.632762"
"Δικταίον άντρον","Diktaion antron","25.44499","35.162925"
"Αρχαιολογικός Χώρος στο Χαμέζι","Archaeological Site in Hamezi","26.018546","35.167595"
"Θέατρο Σικυώνος","Theatre of Sikyon","22.723925","37.982194"
"Κάστρο Χίου","Fortress of Chios","26.135941","38.37297"
"Αρχοντικό Σωτηρίου Αναργύρου","Sotirios Anargyros Mansion","23.154636","37.267169"
"Αρχοντικό Βελισσαροπούλου","Velissaropoulos Mansion","24.944205","37.445864"
"Νανοπούλειος Σχολή στην Τσαγκαράδα (Πηλίου) Μαγνησίας","Nanopoulos School","23.185487","39.391002"
"Αγία Αικατερίνη, Μεσαιωνική πόλη Ρόδου","St. Catherine (Ayia Aikaterini), Medieval town of Rhodes","28.229852","36.440955"
"Αρχοντικό Τοπάλη (Λαογραφικό Μουσείο Μακρινίτσας) στη Μακρινίτσα (Πηλίου) Μαγνησίας","Noble House of Topalis","22.986614","39.402528"
"Ναός Αγίας Βαρβάρας Ερήμου","Church of Agia Varvara of Erimos","22.398881","36.550731"
"Ναός Αγίας Σοφίας Δράμας","Church of Agia Sophia at Drama","24.143792","41.152211"
"Ασκηταριό Μικρής Ανάληψης Πρεσπών","Hermitage of Mikri Analipsi at Prespes","21.020063","40.8359"
"Αγία Τριάδα, Μεσαιωνική πόλη Ρόδου","Holy Trinity (Ayia Triada), Medieval Town of Rhodes","28.229578","36.441182"
"Άγιος Αθανάσιος, Μεσαιωνική πόλη Ρόδου","Agios Athanasios, Medieval Townof Rhodes","28.224638","36.440705"
"Ναός Αγίου Αθανασίου Μυτιλήνης","Church of Agios Athanasios","26.558834","39.10852"
"Ιερός ναός Αγίου Ανδρέα","Church of Agios Andreas","21.737719","38.251828"
"Ναός Αγίου Βασιλείου Αγοράς Άρτας","Church of Agios Vasilios tis Agoras at Arta","20.985017","39.16364"
"Ναός Αγίου Γεωργίου στην Ομορφοκκλησιά","Church of Agios Georgios at Omorfokklisia","21.120903","40.431498"
"Ναός Αγίου Γεωργίου στην Ανεμώτια","Church of Agios Georgios at Anemotia","26.104135","39.246772"
"Ναός Αγίου Γεωργίου Ρεπανιδίου","Church of Agios Georgios in Repanidi","25.298892","39.92211"
"Ναός Αγίου Θεράποντα Μυτιλήνης","Church of Agios Therapon in Mytilene","26.554939","39.105098"
"Άγιος Ιωάννης ο Πρόδρομος (Επτά Bήματα)","St. John (Ayios Ioannes) Prodromos","27.285546","36.887865"
"Ναός Αγίου Ιωάννου Κεραμίου","Church of Agios Ioannis in Kerami","26.207619","39.215434"
"Ναός Αγίου Νικολάου","Church of Agios Nikolaos","21.825575","38.295802"
"Ναός Αγίου Νικολάου","Church of Agios Nikolaos","22.334789","36.807004"
"Ναός Αγίου Στεφάνου στην Καστοριά","Church of Agios Stefanos at Kastoria","21.272859","40.51927"
"Ναός Αγίων Θεοδώρων, Αθήνα","Church of Agioi Theodoroi at Athens","23.73008","37.979384"
"Ναός Αθηνάς Κραναίας","Temple of Athena Kranaia","22.763215","38.626912"
"Ναός Ασκληπιού στο Λεβήνα","Temple of Asklepios at Lebenas","24.924301","34.930196"
"Βιβλιοθήκη Λευκάδας","Library of Lefkada","20.708756","38.833912"
"Ναός Στρατίου Διός","Temple of Zeus at Stratos","21.311267","38.671164"
"Ιερός Ναός Κοίμησης Θεοτόκου Αγίας Τριάδας","Church of the Assumption at Merbaka","22.805991","37.637748"
"Βουλή των Ελλήνων","Parliament Building","23.736874","37.975337"
"Ναός Κοιμήσεως της Θεοτόκου Αγιάσου","Church of the Koimisi tis Theotokou at Agiasos","26.37234","39.081567"
"Ναός Κοίμησης Θεοτόκου Καλαμπάκας","Church of the Dormition of Virgin Mary in Kalampaka","21.628027","39.709931"
"Γενί Τζαμί Μυτιλήνης","Yeni Djami in Mitilini","26.557514","39.110144"
"Τοξωτή γέφυρα στην Κερασιά Μαγνησίας","Bridge at Kerassia","22.923513","39.465238"
"Ναός Κοίμησης της Θεοτόκου στην Πέτρα","Church of the Koimisi Theotokou at Petra","26.175892","39.326802"
"Γεφύρι της Άρτας","The brigde of Arta","20.974719","39.151831"
"Ναός Μεταμόρφωσης του Σωτήρος στο Νομιτσί","Church of the Metamorfosi  Sotira at Nomitsi","22.323857","36.793826"
"Ναός Μεταμόρφωσης του Σωτήρα Χριστού Παπιανών","Church of the Metamorfosi Sotira Christou at Papiana","26.20969","39.212963"
"Μυκηναϊκή Γέφυρα Καζάρμας","Mycenaean bridge at Kazarma","22.9375","37.5936"
"Γαλλικό Ινστιτούτο Καλαμάτας - Οικία Εφεσίου","French Institute of Kalamata","22.114459","37.042024"
"Γκάζι","Gazi (Gaz) Factory Workshops","23.71408","37.977839"
"Παναγία Κουμπελίδικη ή Καστριώτισσα στην Καστοριά","Church of Panagia Koumbelidiki or Kastriotissa at Kastoria","21.268791","40.518085"
"Ναός Παναγίας Κρήνας","Church of Panagia Krinas at Vavyli","26.081908","38.316121"
"Ναός Παναγίας Οδηγήτριας Απόλπαινας","Church of Panagia Odigitria at Apolpena","20.695578","38.822177"
"Ναός Παναγίας Καθολικής Γαστούνης","Church of Panagia Katholiki at Gastouni","21.243184","37.845939"
"Παναγία Γοργοεπήκοος","Panagia Gorgoepikoos","23.729994","37.97506"
"Ναός Παναγίας Τρουλωτής","Church of Panagia Troulloti","26.49826","39.174929"
"Ναός Ταξιαρχών Δράμας","Church of the Taxiarches at Drama","24.14454","41.15068"
"Νομαρχία Ηρακλείου","Prefecture of Herakleion","25.136358","35.337928"
"Νομαρχία Λέσβου","Lesbos Prefecture Building","26.556127","39.103169"
"Νομαρχιακό Μέγαρο Χανίων","Prefecture of Chania","24.030739","35.509643"
"Οικία A Tυλίσου","House A at Tylissos","25.020579","35.298426"
"Οικία Ελευθερίου Βενιζέλου","Residence of Eleutherios Venizelos","24.03874","35.518408"
"Οικία - Μουσείο Αλέξανδρου Παπαδιαμάντη στη Σκιάθο Μαγνησίας","House - Museum of Papadiamandi","23.490333","39.163118"
"Ρωμαϊκή οικία Κω","Roman Villa","27.28844","36.889908"
"Οσμανιέ Τζαμί στην πόλη Χίου","Osmanie Djami","26.136119","38.372827"
"Οφθαλμιατρείο Αθηνών","Eye-Clinic","23.734173","37.979355"
"Μέγαρο της Παλαιάς Βουλής","Old Parliament Building","23.732826","37.977657"
"Ναός Κοίμησης της Θεοτόκου (Παλαιά Μητρόπολη)","Church of the Dormition of Virgin Mary (Old Cathedral)","22.053224","40.800595"
"Ζαχαροπλαστείο \"Ακταίον\" στο Μανδράκι","Aktaion at Mandraki","28.224902","36.449089"
"Ναός Παλαιάς Μητρόπολης Σερρών","Old Cathedral of Serres","23.553974","41.094538"
"Παλιό Δημοτικό Σχολείο Καλοχωρίου Λάρισας","Old Primary School at Kalochori","22.54579","39.720456"
"Παλαιοχριστιανική Βασιλική Αγίου Ανδρέα Ερεσού","Basilica of Agios Andreas","25.932543","39.135042"
"Ηρώο Καλυδώνας","Heroon of Kalydon","21.532894","38.372759"
"Βασιλική Αγίου Αχιλλείου","Basilica of Agios Achillios","21.081865","40.787607"
"Παλαιοχριστιανική Βασιλική στην Αλμυρίδα Αποκορώνου","Early Christian Basilica at Almyrida","24.19657","35.449241"
"Ιμαρέτ","Imaret","25.40207","41.119111"
"Παναθηναϊκό Στάδιο","Panathenaic Stadium","23.740956","37.968379"
"Εθνικό και Καποδιστριακό Πανεπιστήμιο Αθηνών","National and Kapodistrian University of Athens","23.733738","37.980763"
"Φοιτητική Λέσχη Πανεπιστημίου Αθηνών","Student Club of the University of Athens","23.733669","37.982016"
"Παραπορτιανή","Paraportiani","25.325812","37.447148"
"Παρθεναγωγείο Μυτιλήνης","Girls' School of Mytilene","25.268296","39.874027"
"Παλαιό Πιλοποιείο Πουλόπουλου","Poulopoulos Old Hat-Factory","23.714279","37.976225"
"Πολύκεντρο Πολιχνίτου","Multi-Cultural Centre at Polichnitos","26.184091","39.080372"
"Κληροδότημα Κουτσοδόντη - Πρώτο Νοσοκομείο Ερμούπολης","Koutsodontis Inheritance - First Hospital","24.944876","37.445564"
"Πρώτο Γυμνάσιο Μυτιλήνης","First Gymnasium of Mytilene","26.554191","39.104423"
"Πρώτο Ελληνικό Γυμνάσιο","First Hellenic Gymnasion (Elementary School)","22.799935","37.565711"
"Πύλη του Αδριανού","Hadrian's Arch","23.732011","37.970219"
"Πυρά Ηρακλέους","Pyra (Fireplace) of Herakles","22.30577","38.743891"
"Πυραμίδα Ελληνικού","Pyramid of Hellenikon of the 4th c. B.C.","22.441697","37.351414"
"Πύργος Αμπελοράβδη","Ambeloravdis Tower","20.839391","37.800353"
"Σιδηροδρομικός σταθμός Πειραιώς - Αθηνών - Πελοποννήσου","Railway Station (Piraeus-Peloponnese)","23.720829","37.992311"
"Μονή Παναγίας Σκριπούς","Monastery of Skripou","22.976376","38.49386"
"Σχολείο Αγίας Παρασκευής","School at Agia Paraskevi","26.270916","39.246197"
"Τάφος οικοπέδου Μαθιουλάκη στην πόλη Χανίων (Κυδωνία)","Tomb in Mathioulakis' plot","24.018854","35.516229"
"Τείχος Αρχαίας Αμβρακίας","Fortification walls of Ancient Ambracia","20.987223","39.16647"
"Τρόπαιο της μάχης των Λεύκτρων","Monument (Trophy) of The Battle of Leuktra","23.174275","38.264674"
"Τύμβος Αθηναίων στο Μαραθώνα","Tomb at Marathonas","23.978326","38.117969"
"Ρωμαϊκό Υδραγωγείο Νικόπολης","Roman aqueduct of Nikopolis","20.848827","39.271085"
"Ωδείο Πατρών","Odeion of Patras","21.738274","38.243322"
"Ωδείο Γόρτυνας","Odeion of Gortyn","24.946867","35.063088"
"Ωρολόγιο Ανδρονίκου Κυρρήστου","Horologion of Andronikos Kyrristos","23.727006","37.974208"
"Μονή Ταξιαρχών Λειμώνος στα Δάφια","Monastery of Taxiarches Leimonos in Dafia","26.172332","39.247905"
"Μονή Παμμεγίστων Ταξιαρχών Μανταμάδου","Monastery of Pammegiston Taxiarchon in Mantamados","26.338525","39.317217"
"Μονή Περιβολής Άντισσας","Monastery of Perivoli in Antissa","26.001404","39.244334"
"Μονή Υψηλού","Monastery of Ypsilou","25.935659","39.231383"
"Μυκηναϊκό Ανάκτορο Διμηνίου","The Mycenaean palace at Dimini","22.893807","39.360974"
"Ναός Αγίων Θεοδώρων Λιβανάτων","Church of the Agioi Theodoroi at Livanates","23.063875","38.711392"
"Καθολικό Μονής Αγίου Βλασίου","Katholikon of the Agios Vlasios monastery","22.64319","38.928964"
"Ναός Αγίου Γεωργίου Σφάκας","Church of Agios Georgios","22.919744","38.562613"
"Ναός Αγίου Νικολάου","Church of Agios Nikolaos","23.286497","38.547612"
"Καθολικό Mονής Δαδίου","Katholikon of the Dadiou monastery","22.574447","38.634724"
"Πύργος Αχινού","Tower of Achinos","22.726274","38.894582"
"Καθολικό Mονής Ταξιαρχών","Katholikon of the Taxiarches monastery","22.923655","38.579163"
"Μονή Προφήτη Ηλία","Monastery of Profitis Ilias","22.441442","38.504688"
"Μονή Αγάθωνος","Agathonos Monastery","22.204466","38.867233"
"Μονή Δαμάστας","Monastery of Damasta","22.477899","38.773508"
"Μονή Παναγίας Μελινίντζης","Monastery of the Panagia at Melinintza","23.235161","38.627482"
"Γέφυρα Πορταϊκού Πύλης","Portaikos bridge at Pyli","21.60051","39.460476"
"Ναός Αγίων Αναργύρων (Κοσμά και Δαμιανού) στο Βαρούσι","Church of Agioi Anargiroi (Kosmas and Damianos) at Varousi","21.763739","39.558043"
"Βυζαντινό ΚάστροΤρικάλων, παλιά πόλη Βαρούσι","Byzantine Castle in Trikala and old city of Varousi","21.762822","39.55776"
"Ανάκτορο Δημητριάδας","The Demetrias palace","22.932938","39.342586"
"Νομαρχιακό Μέγαρο Ρεθύμνου","Provincial Mansion at Rethymno","24.469529","35.369673"
"Αρχαιολογικός Χώρος Αφαίας Αίγινας","Archaeological site of Aphaia, Aigina","23.533324","37.754273"
"Γόρτυνα","Gortyna","24.949458","35.060067"
"Ολυμπία","Olympia","21.629698","37.637956"
"Άβδηρα","Abdera","24.975539","40.932628"
"Αρχαιολογικός Χώρος Αιγών","Aigai, the archaeological site","22.322513","40.478737"
"Φαιστός","Phaistos","24.813915","35.051772"
"Δωδώνη","Dodonι","20.471592","39.324718"
"Πυθαγόρειο και Ηραίο Σάμου","The Heraion and Pythagoreion of Samos","26.886635","37.672043"
"Αρχαιολογικός Χώρος Γουρνιών","Archaeological site in Gournia","25.792922","35.109813"
"Κνωσός","Knossos","25.161607","35.298291"
"Βιβλιοθήκη Αδριανού","Hadrian's Library","23.72596","37.975716"
"Ελάτεια","Elateia","22.78011","38.642384"
"Ελευσίνα","Archeaological site of Eleusis","23.537822","38.041332"
"Αρχαιολογικός χώρος Ασκληπιείου  Επιδαύρου","Sanctuary of Asklepios at Epidaurus","23.0775","37.5963"
"Αρχαιολογικός χώρος Ζάκρου","Archaeological site in Zakros","26.261506","35.098019"
"Δημητριάδα","Demetrias","22.932121","39.342722"
"Ιερό Απόλλωνα Πτώου στο Ακραίφνιο","Akraiphnion - Ptoon","23.225441","38.448329"
"Επισκοπή Τεγέας","Archaeological Site of Episkopi at Tegea","22.429265","37.464595"
"Αρχοντικό Γιαννιτσών","Archaeological site of Archontikon at Giannitsa","22.467942","40.785741"
"Λέρνα","Lerna","22.718214","37.551195"
"Τίρυνθα","Tiryns","22.800193","37.599466"
"Λίνδος","Lindos","28.088688","36.09164"
"Ακρόπολη Αθηνών","Acropolis of Athens","23.726738","37.971851"
"Μάλια","Malia","25.492197","35.293455"
"Τύλισος","Tylisos","25.020441","35.298495"
"Αρχαία Κόρινθος","Ancient Corinth","22.881398","37.907426"
"Σούνιο","Souniοn","24.024659","37.650221"
"Ραμνούς","Ramnous","24.027823","38.217578"
"Κεραμεικός","Kerameikos","23.717962","37.978573"
"Ιαλυσός","Ialysos","28.143738","36.39923"
"Κάμιρος","Kamiros","27.921281","36.33622"
"Ασκληπιείο Κω","The sanctuary of Asklepios at Epidaurus","27.257166","36.875926"
"Αρχαιολογικός Χώρος του Μυστρά","Archaeological site of Mistras","22.375796","37.069526"
"Πέλλα","Pella","22.513947","40.760521"
"Ήλιδα","Elis","21.374926","37.891306"
"Ρωμαϊκή Αγορά Αθηνών","Roman Agora of Athens","23.726386","37.974262"
"Αμφίπολις","Amphipolis","23.847209","40.820159"
"Ακαδημία Πλάτωνος","Plato's Academy","23.705835","37.992567"
"Άκανθος","Acanthos","23.888562","40.391857"
"Νότια Κλιτύς Ακροπόλεως Αθηνών","South Slope of Acropolis","23.725426","37.971069"
"Ακρωτήρι Θήρας","Akrotiri of Thera","25.397217","36.358278"
"Ακρόπολη Αλιέων","Acropolis of Halieis","23.149137","37.313289"
"Αλίφειρα","Alipheira","21.865454","37.52977"
"Αμφιάρειο στον Ωρωπό","Amphiareio, Oropos","23.846141","38.291014"
"Ανεμόσπηλια","Anemospelia","25.144212","35.23984"
"Αμνισός","Amnissos","25.223612","35.329989"
"Βραυρώνα","Brauron","23.993572","37.926265"
"Μυκηναϊκή Ακρόπολη Γλα στο Κάστρο","Mycenaean Acropolis of Glas","23.182896","38.484048"
"Αρχάνες","Archanes","25.157049","35.245709"
"Ασίνη","Archaeological site of Asine","22.8743","37.5275"
"Κρίσσα","Krissa","22.468921","38.475411"
"Αρχαιολογικός χώρος αρχαίας Δολίχης","Archaeological site of Ancient Doliche at Elassona","22.085867","40.063621"
"Αρχαιολογικός χώρος αρχαίας Κραννώνας","Archaeological site of ancient Κrannon","22.301559","39.503114"
"Ακρόπολη Φαρσάλου","Acropolis at Pharsala","22.387819","39.288193"
"Μετέωρα","Meteora","21.628475","39.717883"
"Αρχαιολογικός Χώρος στο Παλαίκαστρο Σητείας","Archaeological Site in Palekastro of Siteia","26.276268","35.196519"
"Αρχαιολογικός χώρος στη Λατώ","Archaeological Site in Lato","25.656128","35.179352"
"Αρχαιολογικός Χώρος στον Πετρά Σητείας","Archaeological Site in Petras","26.11543","35.198067"
"Αρχαιολογικός Χώρος στη νησίδα Μόχλου Σητείας","Archaeological Site in the islet Mochlos of Siteia","25.904988","35.183185"
"Αρχαιολογικός χώρος Κολώνας","Kolona","23.423356","37.750224"
"Θέρμος","Thermos","21.668401","38.559643"
"Κοιλάδα των Μουσών στην Άσκρη","Valley of the Muses Askra","23.059131","38.321266"
"Αρχαία Αγορά Θεσσαλονίκης","Ancient Agora of Thessaloniki","22.945767","40.637771"
"Θήβα","Thebes","23.317709","38.320919"
"Ποσείδι","Poseidi","23.36164","39.958962"
"Μένδη","Mende","23.418903","39.962331"
"Στάγειρα","Stageira","23.794208","40.591191"
"Ιερό Απόλλωνα-Ήλιου","Sanctuary of Apollon Helios","23.912189","40.376747"
"Αρχαία Ακρόπολη και βυζαντινός οικισμός στη Θίσβη","Thisbe","22.96811","38.259864"
"Τούμπα Θεσσαλονίκης","Toumba at Thessaloniki","22.971586","40.618428"
"Θορικός στη Λαυρεωτική","Thorikos, Lavreotike","24.05389","37.738404"
"Ιερά Απόλλωνος Δειραδιώτη και Αθηνάς Οξυδερκούς","Sanctuaries of Apollo Deiradiotes and Athena Oxyderkes","22.7205","37.6419"
"Λείβηθρα στη Λεπτοκαρυά","Leivithra","22.534665","40.024427"
"Αρχαία Αγορά Αθηνών - Άρειος Πάγος","Ancient Agora of Athens","23.72321","37.974528"
"Δασκαλόπετρα στον Βροντάδο","Vrontados Daskalopetra","26.133969","38.42031"
"Ολυμπιείο","Olympieio","23.73299","37.969825"
"Ιερό Αρτέμιδος στον Αύλωνα Μύρινας","Sanctuary of Artemis at Avlonas in Myrina","25.062149","39.893997"
"Βυζαντινό Φρούριο στο Παλαιό Γυναικόκαστρο","Byzantine Fortress at Palaio Gynaikokastro","22.741826","40.942239"
"Παλατιανό","Palatiano","22.903638","41.145884"
"Γλύφα (Νεκροταφείο ταφικών κύκλων)","Glyfa (Necropolis of Grave Circles)","22.998866","38.972561"
"Ανδρών","Antron","22.99852","38.972769"
"Σέσκλο","Sesklo","22.8423","39.3556"
"Διμήνι","Dimini","22.893062","39.361677"
"Νεολιθικός οικισμός στο Μακρύγιαλο","Neolithic settlement of Makrygialos","22.602975","40.414852"
"Φθιώτιδες Θήβες","Fthiotides Thebes","22.762119","39.272936"
"Ακρόπολη του αρχαίου Κιερίου στον Πύργο Κιερίου","Acropolis of Pyrgos Kieriou","22.066225","39.367028"
"Δελφοί","Delphi","22.500215","38.482015"
"Δίον","Dion","22.491245","40.176496"
"Βυζαντινή Μαρώνεια","Byzantine Maronia","25.51005","40.874454"
"Κάστρο Ηγουμενίτσας","Fortress of Igoumenitsa","20.265022","39.500613"
"Κάστρο Παραμυθιάς","Fortress of Paramythia","20.519907","39.472841"
"Αρχαιολογικός χώρος Καβειρίου στην περιοχή Χλόη","Archaelogical site of Kabeirion at Chloe area","25.340867","39.979062"
"Παλαιοχριστιανικές Βασιλικές Σφηκιάς","Early Christian basilicas of Sfikia","22.207757","40.38065"
"Αρχαιολογικός χώρος Πολιόχνης στην περιοχή Καμίνια","Archaeological site of Poliochni at Kaminia area","25.344095","39.854272"
"Λάρυμνα","Larymna","23.288441","38.566103"
"Ιερό Αρτέμιδος Λαφρίας","Sanctuary of Artemis Laphria","21.530108","38.372086"
"Λεβήνα","Levena","24.923046","34.930625"
"Λέπρεο","Lepreum","21.724461","37.440053"
"Ακοβίτικα","Akovitika","22.07568","37.036522"
"Ιερό της Δέσποινας - Λυκόσουρα","Sanctuary of Despoina at Lykosoura","22.031611","37.389987"
"Μάλθη","Malthe","21.882346","37.267048"
"Μαντίνεια","Mantineia","22.391896","37.618413"
"Αναστασιούπολις - Περιθεώριον","Anastasioupolis-Peritheorion","25.090413","41.102606"
"Αρχαία Μαρώνεια","Ancient Maroneia","25.51506","40.877667"
"Μεγαλόπολη","Megalopolis","22.126325","37.413766"
"Μενελάειον Σπάρτης","Menelaeon, Sparta","22.453806","37.066357"
"Αρχαία Μεσσήνη - Αρχαιολογικός Χώρος","Ancient Messene","21.92487","37.17892"
"Ανάκτορο Νέστορος","Palace of Nestor","21.695876","37.027895"
"Αρχαία Μήθυμνα στον Μόλυβο","Ancient Methymna in Molyvos","26.170005","39.369995"
"Αρχαία Αγορά Άργους","Ancient Agora of Argos","22.721035","37.630634"
"Αρκάσα Καρπάθου","Arkasa in  Karpathos","27.11385","35.47462"
"Νεκρόπολη Αρμένων","Necropolis at Armenoi","24.463149","35.317708"
"Μυκήνες","Mycenae","22.7557","37.730734"
"Νικόπολη στην Πρέβεζα","Ancient Nikopolis","20.731759","39.01945"
"Νιχώρια - Καρποφόρα","Nichoria - Karpophora","21.910944","36.998166"
"Νυμφαίο - Σχολή Αριστοτέλους","Aristotle's School - Nymphaion","22.097828","40.631352"
"Όρραον στον Γυμνότοπο Πρέβεζας","Orraon (Horreum)","20.925136","39.271293"
"Παλαιοχριστιανική Νικόπολη","Early Christian Nicopolis","20.734699","39.011048"
"Πνύκα","Pnyx","23.719397","37.971301"
"Ιερό Ποσειδώνος στην Καλαυρεία Πόρου","Sanctuary of Poseidon","23.480068","37.522618"
"Έδεσσα","Edessa","22.057241","40.796483"
"Ελέα στην Παραμυθιά","Elea, Paramythia","20.553703","39.441048"
"Ελεύθερνα","Eleutherna","24.668006","35.327648"
"Ελληνικά Ανθείας - Αρχαία Θουρία","Ellinika at Anthia - Ancient Thouria","22.051245","37.113557"
"Εμποριό","Archaelogical site of Emporio","26.031616","38.19265"
"Ακρόπολη Πλατιάνας","Acropolis at Platiana","21.752715","37.540354"
"Αρχαιολογικός Χώρος Καβείριου στη Θήβα","Kabireion (Sanctuary of the Kabeiroi)","23.255195","38.318333"
"Ποτίδαια","Potidaia","23.32884","40.192836"
"Πύργος Ραγίου στην Ηγουμενίτσα","Tower of Ragio, Igoumenitsa","20.198393","39.536433"
"Ακρόπολη Ρόδου","Acropolis of Rhodes","28.211836","36.439237"
"Ακρόπολη Αρχαίων Σιφών στην Αλυκή","Acropolis of Ancient Siphai in Alykh","23.0515","38.190023"
"Ακρόπολη Σπάρτης","Acropolis of Sparta","22.42692","37.083802"
"Ιερό Ορθίας Αρτέμιδος","Sanctuary of Artemis Orthia","22.444932","37.075655"
"Οχυρή νησίδα Σπιναλόγκα","Fortified islet of Spinalonga","25.736511","35.297972"
"Τορώνη","Toroni","23.907541","39.967527"
"Αρχαιολογικός χώρος Αρχαίας Τρίκκης (\"Ασκληπιείο\") Τρικάλων","Site of ancient Trikki (\"Asklepieion\") at Trikala","21.764801","39.556612"
"Αρχαιολογικός Χώρος Τρυπητού Σητείας","Archaeological Site in Trypetos of Siteia","26.13027","35.197203"
"Ακρόπολη Καζάρμας","Acropolis of Kazarma","22.9431","37.5965"
"Φαλάσαρνα στην Κίσαμο","Phalasarna","23.575834","35.51057"
"Φεραί","Ferai","22.749038","39.378696"
"Παλαιοχριστιανικές Φθιώτιδες Θήβες","Early Christian Phthiotic Thebes","22.81877","39.27685"
"Φιγάλεια","Figaleia","21.839577","37.402287"
"Χαιρώνεια","Chaironeia","22.844074","38.492093"
"Μυκηναϊκός οικισμός Χαλανδρίτσας","Mycenaean settlement at Chalandritsa","21.787809","38.108355"
"Πόλη Χανίων (Κυδωνία)","","24.019485","35.517291"
"Ψάρι","Psari","21.888885","37.327576"
"Αμυκλαίον και Ιερό Απόλλωνος Αμυκλαίου","Amyklaion and Sanctuary of Apollo Amyklaios","22.449585","37.036918"
"Καμενίτσα Γορτυνίας","Kamenitsa Gortynias","22.193338","37.749259"
"Κάμπος Ικαρίας - αρχαία Οινόη","Kampos Ikarias - ancient Oinoe","26.14627","37.630284"
"Κάμπος Χίου","Kambos in Chios","26.129922","38.332713"
"Κασσώπη στην Καμαρίνα Πρέβεζας","Cassope","20.673759","39.145572"
"Ορχομενός Αρκαδίας","Orchomenos at Arcadia","22.315266","37.72473"
"Ορχομενός","Orchomenos","22.974947","38.493268"
"Αρχαιολογικός Χώρος Κάστρου Γερακίου","Archaeological site of Geraki castle","22.725048","36.994018"
"Γίτανα στους Φιλιάτες","Gitana, Filiates","20.262651","39.574129"
"Ακρόπολη Πανοπέως στον Άγιο Βλάσιο","Acropolis of Panopeus ιν in Agios Blasis","22.83607","38.492051"
"Παπίκιον όρος","Mount Papikion","25.303402","41.221535"
"Πελλάνα Λακωνίας","Archaeological Site of Pellana","22.32554","37.208225"
"Πέτρες","Petres","21.657969","40.723844"
"Αρχαία Ακρόπολη Πλαταιών","Plataiai","23.276725","38.218551"
"Ιερό Αλέας Αθηνάς Τεγέας","Sanctuary of Alea Athena at Tegea","22.25133","37.27202"
"Βυζαντινή Ακρόπολη Σερρών","Byzantine acropolis of Serres","23.551126","41.097272"
"Κάτω Φανά","Kato Fana","25.927179","38.206811"
"Κάτω Σαμικό","Kato Samiko","21.598708","37.53399"
"Καφυές","Kaphyes at Hotousas Mantineias","22.394219","37.621328"
"Ακρόπολη Κορσιών στα Χώστια (Πρόδρομος)","Korsiai","22.904853","38.254543"
"Αρχαιολογικός Χώρος στη νησίδα Κουφονήσι","Archaeological Site in the islet of Koufonisi","26.134983","34.935446"
"Παλαιόκαστρο Καστελόριζου","Palaiokastro","29.576979","36.148033"
"Βαρκά Υπάτης","Varka at Ypati","22.267917","38.886031"
"Δαφνούσια Λοκρίδας","Daphnousa at Lokris","22.951233","38.749017"
"Άλος","Halos","22.826577","39.147914"
"Αρχαιολογικός χώρος στο λόφο Γορίτσας","Archaeological Site at Goritsa Hill","22.980657","39.356158"
"Αρχαιολογικό Μουσείο Πατρών","Archaeological Museum of Patras","21.752082","38.263315"
"Εθνικό Αρχαιολογικό Μουσείο","National Archaeological Museum","23.732035","37.989162"
"Αρχαιολογικό Μουσείο Αμφιπόλεως","Archaeological Museum of Amphipolis","23.848754","40.825111"
"Πινακοθήκη Αβέρωφ","Averoff Gallery","21.183067","39.770552"
"Αρχαιολογικό Μουσείο Αγρινίου","Archaeological Museum of Agrinion","21.4092","38.6304"
"Πινακοθήκη Δήμου Αθηναίων","Athens Municipal Gallery","23.721374","37.980874"
"Αρχαιολογικό Μουσείο Κολώνας Αίγινας","Archaeological Museum of Kolona Aigina","23.42471","37.749679"
"Αρχαιολογικό Μουσείο Αιγίου","Archaeological Museum of Aigion","22.087881","38.25273"
"Λαογραφικό Μουσείο Βέροιας","Folklore Museum of Beroia","22.203575","40.521672"
"Μουσείο Βορρέ","Vorres Museum","23.847107","37.953225"
"Υπαίθριο Μουσείο Υδροκίνησης","Open-Air Water Power Museum","22.057239","37.578783"
"Εβραϊκό Μουσείο Ελλάδος","Jewish Museum of Greece","23.733094","37.97294"
"Ιδιωτική Συλλογή Έργων Τέχνης Εθνικής Τραπέζης","Art Collection of the National Bank","23.728902","37.981695"
"Αθανασάκειο Αρχαιολογικό Μουσείο Βόλου","Athanasakio Archaeological Museum of Volos","22.961424","39.351971"
"Μουσείο Βυζαντινού Πολιτισμού","Museum of Byzantine Culture","22.955212","40.624254"
"Λαογραφικό και Εθνολογικό Μουσείο Μακεδονίας - Θράκης","Folk Art and Ethnological Museum of Macedonia and Thrace","22.957056","40.659489"
"Εθνικό Ιστορικό Μουσείο","National Historical Museum","23.732695","37.977695"
"Μουσείο Ζακύνθου","Museum of Zakynthos","20.899531","37.787308"
"Αρχαιολογική Συλλογή Μονεμβασιάς","Monemvasia Archaeological Collection","23.05541","36.687248"
"Μουσείο Κινηματογράφου Θεσσαλονίκης","Thessaloniki Cinema Museum","22.93353","40.633101"
"Φούρνος Μεσαγρού","Mesagros Bakery","26.445022","39.036265"
"Μουσείο Φυσικής Ιστορίας Απολιθωμένου Δάσους Λέσβου","Natural History Museum of the Petrified Forest of Lesbos","25.851043","39.211582"
"Αρχαιολογικό Μουσείο Άρτας","Archaeological Museum of Arta","20.979432","39.149595"
"Μουσείο Αρχαίας Αγοράς Αθηνών","Museum of the Ancient Agora","23.724195","37.975206"
"Αρχαιολογικό Μουσείο Αρχαίας Κορίνθου","Archaeological Museum of Ancient Corinth","22.881471","37.907553"
"Αρχαιολογική Συλλογή Κοζάνης","Archaeological Collection of Kozani","21.785011","40.30289"
"Αρχαιολογικό Μουσείο Άστρους","Archaeological Museum of Astros","22.720692","37.406746"
"Αρχαιολογικό Μουσείο Αστυπάλαιας","Archaeological Museum of Astypalaia","26.35244","36.548947"
"Μουσείο βασιλικών τάφων Αιγών","The Museum of the Royal Tombs at Aigai","22.319331","40.487507"
"Αρχαιολογικό Μουσείο Βέροιας","Archaeological Museum of Veria","22.207499","40.527452"
"Βυζαντινό Μουσείο Βέροιας","Byzantine Museum of Veria","22.204586","40.520414"
"Αρχαιολογικό Μουσείο Σπάρτης","Archaeological Museum of Sparta","22.431848","37.074778"
"Αρχαιολογικό Μουσείο Σητείας","Archaeological Museum of Siteia","26.105159","35.20509"
"Αρχαιολογικό Μουσείο Λευκάδας","Archaeological Museum of Lefkada","20.704308","38.83488"
"Αρχαιολογικό Μουσείο Ρεθύμνου","Archaeological Museum of Rethymno","24.282763","35.220626"
"Αρχαιολογικό Μουσείο Βαθέος Σάμου","Archaeological Museum of Vathi in Samos","26.979632","37.75046"
"Αρχαιολογικό Μουσείο Ήλιδας","Archaeological Museum of Elis","21.376943","37.892953"
"Αρχαιολογικό Μουσείο Θυρρείου","Archaeological Museum of Thyrreion","20.9852","38.8554"
"Βυζαντινό Μουσείο Φθιώτιδας","Byzantine Museum of Phthiotida","22.237181","38.871899"
"Μουσείο Ελληνικής Λαϊκής Τέχνης","Museum of Greek Folk Art","23.732392","37.972508"
"Μουσείο Παύλου και Αλεξάνδρας Κανελλοπούλου","Museum of Pavlos and Alexandra Canellopoulou","23.725965","37.972906"
"Αρχαιολογικό Μουσείο Λαυρίου","Archaeological Museum of Laurion","24.053891","37.716788"
"Αρχαιολογικό Μουσείο Ιωαννίνων","Archaeological Museum of Ioannina","20.855915","39.666621"
"Αρχαιολογικό Μουσείο Ηρακλείου","Heraklion Archaeological Museum","25.136933","35.338774"
"Μουσείο και Κέντρο Μελέτης του Ελληνικού Θεάτρου","Museum and Study Centre of the Greek Theatre","23.735305","37.981519"
"Μουσείο Ζυγομαλά","Zygomalas Museum","23.700036","38.247672"
"Αρχαιολογικό Μουσείο Θεσσαλονίκης","Archaeological Museum of Thessaloniki","22.952775","40.62572"
"Ιστορικό - Λαογραφικό και Φυσικής Ιστορίας Μουσείο Κοζάνης","Historical - Folklore and Natural History Museum of Kozani","22.94467","40.635039"
"Βυζαντινή και Μεταβυζαντινή Συλλογή Χανίων","Byzantine and Postbyzantine Collection of Chania","24.01515","35.518539"
"Μουσείο Σολωμού και Επιφανών Ζακυνθίων","Museum of Dionysios Solomos and Eminent Zakynthians","20.898617","37.788488"
"Εκκλησιαστικό Μουσείο Σιάτιστας","Ecclesiastical Museum of Siatista","21.550434","40.261614"
"Μουσειακός Χώρος Τράπεζας Νέας Μονής Χίου","Refectory of Nea Moni Chios","26.056088","38.3742"
"Αρχαιολογικό Μουσείο Ηγουμενίτσας","Archaeological Museum of Igoumenitsa","20.258778","39.511407"
"Μουσείο της Ελιάς και του Ελληνικού Λαδιού","Museum of the Olive and Greek Olive Oil","22.433422","37.075557"
"Επιγραφικό Μουσείο","Epigraphic Museum","23.732011","37.988623"
"Βυζαντινό και Χριστιανικό Μουσείο","Byzantine and Christian Museum","23.74455","37.975409"
"Ιστορικό - Λαογραφικό Μουσείο Γαβαλοχωρίου","Historical - Folklore Museum of Gavalochori","24.21123","35.424328"
"Ναυτικό Μουσείο Γαλαξειδίου","Nautical Museum of Galaxidi","22.385727","38.376397"
"Μουσείο Γουναρόπουλου","Gounaropoulos Museum","23.761582","37.97487"
"Λαογραφικό Μουσείο του Πνευματικού Ιδρύματος Σάμου Νικολάου Δημητρίου","Folklore Museum of the Nikolaos Dimitriou Foundation of Samos","26.929132","37.689798"
"Αρχαιολογικό Μουσείο Βραυρώνας","Archaeological Museum of Brauron","23.997088","37.924545"
"Μουσείο Μακεδονικού Αγώνα","Museum of Macedonian Struggle","22.943669","40.630602"
"Αρχαιολογική Έκθεση στο σταθμό ΜΕΤΡΟ \"Ακρόπολις\"","Archaeologcal Exhibition in the METRO Station \"Akropolis\"","23.72961","37.968738"
"Κέντρο Μελετών Ακροπόλεως","Centre for the Acropolis Studies","23.728865","37.968969"
"Ναυτικό Μουσείο Ελλάδoς","Hellenic Maritime Museum","23.646135","37.932563"
"Ιστορικό -  Λαογραφικό Μουσείο Ρεθύμνου","Historical and Folklore Museum of Rethymno","24.473539","35.369223"
"Σιδηροδρομικό Μουσείο Αθηνών","Railway Museum of Athens","23.720496","38.009975"
"Αρχαιολογικό Μουσείο Πειραιά","Archaeological Museum of Piraeus","23.644321","37.936885"
"Αρχαιολογικό Μουσείο Θηβών","Archaeological Museum of Thebes","23.317063","38.323814"
"Βυζαντινό Μουσείο Χίου","Chios Byzantine Museum","26.136158","38.370579"
"Μουσείο Σπετσών","Spetses Museum","23.155811","37.264307"
"Μουσείο Ιστορίας της Ελληνικής Ενδυμασίας","Museum of the History of the Greek Costume","23.737592","37.978809"
"Αρχοντικό Παύλου Κουντουριώτη","Pavlos Kountouriotis Mansion","23.463487","37.351004"
"Αρχαιολογικό Μουσείο Κιλκίς","Archaeological Museum at Kilkis","22.874125","40.993306"
"Πελοποννησιακό Λαογραφικό Ίδρυμα ''Βασίλειος Παπαντωνίου''","","22.798862","37.566619"
"Λασκαρίδειο Λαογραφικό Μουσείο","Laskarideio Folklore Museum","22.742745","37.586544"
"Μουσείο Φυσικής Ιστορίας Γουλανδρή","The Goulandris Museum of Natural History","23.81495","38.074348"
"Αρχαιολογικό Μουσείο Αβδήρων","Archaeological Museum of Abdera","24.953926","40.980724"
"Αρχαιολογικό Μουσείο Λαμίας","Archaeological Museum of Lamia","22.435188","38.904442"
"Αρχαιολογικό Μουσείο Αταλάντης","Archaeological Museum of Atalanti","23.00084","38.652393"
"Αρχαιολογική Συλλογή Τιθορέας","Archaeological Collection of Tithorea","22.669525","38.583702"
"Ορυκτολογικό Μουσείο Λαυρίου","Mineralogical Museum of Laurion","24.051133","37.716329"
"Λευκός Πύργος: Μουσείο","White Tower: Museum","22.948378","40.626355"
"Βυζαντινό Μουσείο Καστοριάς","Byzantine Museum of Kastoria","21.26864","40.519264"
"Μουσείο  Ελληνικών Λαϊκών Μουσικών Οργάνων  \"Φοίβος Ανωγειανάκης\" Κέντρο Εθνομουσικολογίας","Museum of Greek Folk Musical Instruments “Fivos Anoyanakis”- Centre for Ethnomusicology","23.728888","37.974101"
"Αρχαιολογικό Μουσείο Δελφών","Delphi Archaeological Museum","22.499796","38.480211"
"Αρχαιολογικό Μουσείο Άργους","Archaeological Museum of Argos","22.726915","37.634504"
"Αρχαιολογικό Μουσείο Φλώρινας","Archaeological Museum of Florina","21.413834","40.780825"
"Αρχαιολογικό Μουσείο Δράμας","Archaeological Museum of Drama","24.143258","41.147977"
"Αρχαιολογικό Μουσείο Κω","Archaeological Museum of Kos","27.288593","36.893526"
"Αρχαιολογικό Μουσείο Λήμνου στη Μύρινα","Archaeological Museum of Lemnos in Myrina","25.062395","39.880241"
"Κοργιαλένειο Ιστορικό και Λαογραφικό Μουσείο","Korgialeneio Historical and Folklore Museum","20.487214","38.176771"
"Λαογραφικό - Ιστορικό Μουσείο Λάρισας","Folklore and Historical Museum of Larisa","22.422521","39.6277"
"Αρχαιολογικό Μουσείο Άμφισσας","Amfissa Archaeological Museum","22.375867","38.527565"
"Αρχαιολογική Συλλογή Γαλαξιδίου","Galaxidi Archaeological Collection","22.385805","38.376385"
"Αρχαιολογική Συλλογή Λιδορικίου","Archaeological Collection of Lidoriki","22.205241","38.527437"
"Αρχαιολογικό Μουσείο Κέρκυρας","Archaeological Museum of Corfu","19.921573","39.619171"
"Μουσείο Nεώτερης Kεραμικής","Museum of Modern Ceramics","23.719844","37.978238"
"Κέντρο Μελέτης Νεώτερης Κεραμικής","Centre for the Study of Traditional Pottery","23.719849","37.978257"
"Αρχαιολογικό Μουσείο Κομοτηνής","Archaeological Museum of Komotini","25.399505","41.116134"
"Φιλοτελικό Μουσείο","Philatelic Museum","23.716567","37.97649"
"Μουσείο Σύγχρονης Τέχνης Φλώρινας","Florina Museum of Modern Art","21.404618","40.77747"
"Αρχαιολογικό Μουσείο Ελευσίνας","Archaeological Museum of Eleusis","23.537579","38.040609"
"Αρχαιολογικό Μουσείο Χαιρώνειας","Archaeological Museum of Chaironeia","22.845817","38.493743"
"Μουσείο Χαρακτικής και Γραφικών Τεχνών","Museum of Engravings and Graphic Arts","23.730085","37.974204"
"Αρχαιολογικό Μουσείο Μυστρά","Archaeological Museum of Mystras","22.369092","37.076427"
"Αρχαιολογικό Μουσείο Χίου","Archaeological Museum of Chios","26.139023","38.365065"
"Μουσείο Έργων Θεόφιλου","Museum of Works by Theophilos","26.567994","39.081283"
"Αρχαιολογική Συλλογή Κάμπου Ικαρίας","Archaeological Collection of Kamπos Ikarias","26.14538","37.631125"
"Αρχαιολογικό Μουσείο Καβάλας","Archaeological Museum of Kavala","24.41589","40.93709"
"Μουσείο Καζαντζάκη","Kazantzakis Museum","25.209472","35.234865"
"Μουσείο Θυσίας Καλαβρυτινών","Museum of the Sacrifice of the People of Kalavryta","22.110465","38.032926"
"Αρχαιολογικό Μουσείο Μεσσηνίας","Archaeological Museum of Messenia","22.113268","37.043729"
"Μουσείο Καποδίστρια","Capodistrias Museum","19.857472","39.629722"
"Αρχαιολογικό Μουσείο Κεραμεικού","Archaeological Museum of Kerameikos","23.716933","37.977974"
"Δημοτική Πινακοθήκη Κερκύρας","Municipal Gallery of Corfu","19.922609","39.620574"
"Μουσείο Καλαθοπλεκτικής των Ρωμά","Basketry Museum of Komotini","25.409692","41.114096"
"Ιστορικό - Λαογραφικό Μουσείο Κορίνθου","Historical and Folklore Museum of Corinth","22.930626","37.935901"
"Μουσείο Κοσμήματος Ηλία Λαλαούνη","Ilias Lalaounis Jewelry Museum","23.726638","37.969294"
"Μουσείο Μαρίκας Κοτοπούλη","Marika Kotopouli Museum","23.769599","37.97982"
"Ιστορικό Μουσείο Κρήτης","Historical Museum of Crete","25.131177","35.342037"
"Αρχαιολογική Συλλογή Ελάτειας","Archaeological Collection of Elateia","22.765774","38.62803"
"Αρχαιολογικό Μουσείο Πέλλας","Archaeological Museum of Pella","22.519679","40.762025"
"Αρχαιολογικό Μουσείο Ναυπλίου","Archaeological Museum of Nafplion","22.796178","37.566081"
"Αρχαιολογικό Μουσείο Καστελλόριζου","Kastellorizo Archaeological Museum","29.593574","36.151533"
"Γιαννοπούλειο Αρχαιολογικό Μουσείο Αλμυρού","Giannopoulio Archaeological Museum of Almyros","22.764171","39.179531"
"Αρχαιολογικό Μουσείο Λυκόσουρας","Archaeological Μuseum of Lykosoura","22.031268","37.389655"
"Λυχνοστάτης - Μουσείο Παραδοσιακής Ζωής και Λαϊκού Πολιτισμού Κρήτης","Lychnostatis Open-air Museum","25.411157","35.30658"
"Μακεδονικό Μουσείο Σύγχρονης Τέχνης","Macedonian Museum of Contemporary Art","22.953802","40.630669"
"Μουσείο Αρχαίας Μεσσήνης","Archaeological Museum of Ancient Messene","21.917207","37.181394"
"Δημοτικό Μουσείο της Μάχης της Κρήτης και της Εθνικής Αντίστασης","Municipal Museum of the Battle of Crete and the National Resistance","25.138344","35.339359"
"Αρχαιολογικό Μουσείο Μεγάρων","Archaeological Museum of Megara","23.345761","37.997266"
"Μουσείο Ιστορίας και Τέχνης Δήμου Ι. Π. Μεσολογγίου","Museum of the History and Art of the Municipality of the Holy City of Mesolongi","21.432832","38.368657"
"Μουσειο Αγίας Αικατερίνης Σιναϊτών","Museum of  Agia Aikaterini of Sinai","25.131344","35.338095"
"Μουσείο Μονής Αγ. Τριάδας Τζαγκαρόλων στο Ακρωτήρι","Museum of the Monastery of Ag. Triada Tzagarolon","24.135142","35.560669"
"Συλλογή Αγίου Ματθαίου Σιναϊτών","Collection of Agios Matthaios of Sinai","25.129769","35.335525"
"Μουσείο Μονής Αρκαδίου","Museum of the Monastery of Arkadi","24.62928","35.310072"
"Μονή Γωνιάς στο Κολυμβάρι Κισάμου","Monastery of Gonia","23.776823","35.550732"
"Μουσείο Μονής Πρέβελης","Museum of the Monastery of Preveli","24.456315","35.157736"
"Μονή Ζωοδόχου Πηγής στη Χρυσοπηγή Χανίων","Monastery of Zoodohos Pigi","24.028532","35.492016"
"Αρχαιολογικό Μουσείο Μυτιλήνης στη Μυτιλήνη","Archaeological Museum of Mytilene in Mytilene","26.561146","39.1056"
"Ναυτικό Μουσείο Αιγαίου","Aegean Maritime Museum","25.328343","37.445228"
"Αρχαιολογική Συλλογή Νεαπόλεως","Archaeological Collection of Neapolis","25.603265","35.259714"
"Μουσείο Ιστορίας των Ολυμπιακών Αγώνων της Αρχαιότητας","Museum of the History of the Olympic Games of antiquity","21.624656","37.640883"
"Μουσείο Τηλεπικοινωνιών ΟΤΕ","Greek Telecommunications Museum","23.809315","38.088569"
"Δημοτική Πινακοθήκη Πειραιά","Municipal Gallery of Piraeus","23.645601","37.941194"
"Πινακοθήκη Δημήτρη Πιερίδη","Gallery of Dimitrios Pierides","23.750792","37.861825"
"Αρχαιολογικό Μουσείο Πόρου","Archaeological Museum of Poros","23.455078","37.500312"
"Μουσείο Σιδηροδρόμων Δήμου Καλαμάτας","Railway Museum of the Municipality of Kalamata","22.109878","37.030694"
"Μουσείο Σκίτσου","Cartoon Museum","23.725329","37.988566"
"Μουσείο Σολωμού","Solomos Museum","19.921404","39.62761"
"Μουσείο Μετάξης","Silk Museum","26.299829","41.194641"
"Σπαθάρειο Μουσείο Θεάτρου Σκιών","Spathareion Museum of the Shadow Theatre","23.807271","38.054508"
"Λαογραφικό Μουσείο Στεμνίτσας","Folklore Museum of Stemnitsa","22.082654","37.555002"
"Μουσείο - Βιβλιοθήκη Τεριάντ","Teriade Museum - Library","26.575793","39.080653"
"Παναρκαδικό Αρχαιολογικό Μουσείο Τριπόλεως","Panarcadic Archaeological Museum of Tripolis","22.373888","37.508888"
"Ναυτικό Μουσείο Κρήτης","Nautical Museum of Crete","24.015959","35.518237"
"Αρχαιολογικό Μουσείο Κυθήρων","Archaeological Museum of Kythera","22.984976","36.151278"
"Συλλογή έργων Βυζαντινής και Μεταβυζαντινής Τέχνης Κυθήρων","Kythira Collection of Byzantine and Post-Byzantine Art","22.995849","36.182082"
"Ίδρυμα Νικολάου Π. Γουλανδρή - Μουσείο Κυκλαδικής Τέχνης","Nicholas P. Goulandris Foundation - Museum of Cycladic Art","23.742203","37.975951"
"Αρχαιολογικό Μουσείο Αγίου Νικολάου","Archaeological Museum of Agios Nikolaos","25.71544","35.193647"
"Εκκλησιαστικό Μουσείο Ιεράς Μητροπόλεως Μαρωνείας και Κομοτηνής","Ecclesiastical Museum of the Holy Bishopry of Maroneia and Komotini","25.401997","41.11918"
"Μουσείο Παλαιάς Μητρόπολης Σερρών","Museum of the Old Cathedral at Serres","23.552644","41.093668"
"Αρχαιολογικό Μουσείο Μαραθώνα","Archaeological Museum of Marathon","23.946623","38.121933"
"Δωρίδα","Doris","22.435284","38.718064"
"Κάλλιον","Kallion","22.171226","38.553686"
"Άμφισσα","Ancient Amphissa","22.373799","38.531164"
"Θησαυρός των Αθηναίων","Treasury of the Athenians","22.501424","38.48183"
"Πολυγωνικός τοίχος των Δελφών","The polygonal wall of Delphi","22.50158","38.482185"
"Αρχαίο στάδιο Δελφών","Ancient stadium of Delphi","22.497988","38.482616"
"Θησαυρός των Σιφνίων","The Treasury of the Siphnians","22.501647","38.481637"
"Στοά των Αθηναίων","The Stoa of the Athenians","22.501666","38.482185"
"Ανάθημα του Δαόχου","The votive offering of Daochos","22.501491","38.48279"
"Αρχαίο θέατρο Δελφών","Ancient theatre of Delphi","22.500633","38.482527"
"Θόλος της Αθηνάς Προναίας","The tholos of Athena Pronaia","22.508017","38.480165"
"Ιερά Οδός","The Sacred Way","22.501725","38.482053"
"Κασταλία κρήνη","The Castalian fountain","22.505563","38.483128"
"Ρωμαϊκή οικία Άμφισσας (πρώην οικία Μπρουγιαννάκη)","Roman house at Amphissa (ex Mprougiannakis' house)","22.377914","38.528289"
"Θερμοπύλες","Thermopyles","22.535785","38.797617"
"Ακρόπολη Πρόερνας","Acropolis of Proerna","22.272903","39.243812"
"Ιερό του Απόλλωνος των Αβών","Sanctuary of Apollon at Abai","22.895497","38.636702"
"Αλαί","Halai","23.189601","38.658211"
"Αρχοντικό Βουβάλη","Vouvalis Mansion","26.984009","36.954046"
"Μονή Αρχαγγέλου Μιχαήλ Πανορμίτη","Monastery of St. Michael (Taxiarches Michael) Panormitis","27.845511","36.548389"
"Άγιος Λουκάς στα  Άπελλα","St. Luke (Ayios Loukas) at Apella","27.156572","35.6034"
"Άγιος Γεώργιος του Βουνού","St. George (Ayios Georgios) tou Vounou","29.579342","36.146379"
"Κάστρο Παντελίου","Fortress of Panteli","26.859072","37.156794"
"Παλαιά Μητρόπολη Βέροιας","The Old Cathedral (Veria)","22.201822","40.522471"
"Μονή Κοίμησης Θεοτόκου","Monastery of the Koimisi tis Theotokou","21.286708","40.004969"
"Γέφυρα Πορτίτσας","Bridge of Portitsa","21.285351","39.996124"
"Γέφυρα Αλατόπετρας ή Πρόσβορου","Alatopetra or Prosvoro Bridge","21.216751","40.081396"
"Μονή Ευαγγελισμού Παναγίας Μπουνάσιας","Monastery of the Evangelismos tis Panagias at Bounasia","21.744561","39.939768"
"Μακεδονικός Τάφος του Kinch στη Νάουσα","Mieza, the so-called Kinch's Macedonian Tomb","22.130762","40.652328"
"Ναός Αγίας Παρασκευής","Church of Agia Paraskevi","21.689335","40.045715"
"Ναός Αγίου Αθανασίου στο Κουστοχώρι Βέροιας","The Agios Athanassios Church (Koustochori, Veria district)","22.131242","40.536159"
"Ναός Αγίων Κηρύκου και Ιουλίττας στη Βέροια","Τhe church of Agioi Kirykos and Ioulitta (Veria)","22.20574","40.521949"
"Ναός Αναστάσεως Σωτήρος Χριστού στη Βέροια","The church of the Anastasis tou Sotira Christou (Veria, the chuch of the Resurrection of Christ the Saviour)","22.205193","40.522999"
"Ναός Αγίου Βλασίου στη Βέροια","The church of Agios Vlassios (Veria)","22.203632","40.521083"
"Ναός Αγίου Νικολάου Διπόρου","Church of Agios Nikolaos","21.654246","39.99283"
"Ναός Κοίμησης της Θεοτόκου Νουμπενίτσας","Church of the Koimisi Theotokou at Noubenitsa","21.612232","39.878094"
"Ναός Αγίου Νικολάου στο Περιβόλι","Church of Agios Nikolaos","21.11841","39.980639"
"Ναός Αγίου Γερμανού Πρεσπών","Church of Agios Germanos at Prespes","21.158138","40.84006"
"Ναός Αγίου Νικολάου Βελβεντού","Church of Agios Nikolaos","22.066162","40.255163"
"Ναός Αγίου Μηνά Βελβεντού","Church of Agios Minas at Velvendo","22.061528","40.255392"
"Αρχαίο τείχος Διστόμου","Ancient wall of Distomo","22.667552","38.429429"
"Αρχαίο γυμνάσιο Δελφών","Ancient gymnasium of Delphi","22.505981","38.481614"
"Δημοτικό Σχολείο στο Σκορδίλω","Primary School at Scordilo","24.674354","35.357014"
"Οικία Τσαχάκη","Tsachakis' house","25.130592","35.336575"
"Αρχοντικό Βουβάλη","Vouvalis Mansion","26.984009","36.954046"
"Αρχαιολογικός Χώρος Μίεζας στη Νάουσα","Mieza, the archaeological site (Naoussa district)","22.11977","40.645382"
"Διοκλητιανούπολη","Dioklitianoupoli","21.250629","40.463446"
"Ρωμαϊκή Αποικία της Πέλλας","Roman colony of Pella","22.496706","40.761691"
"Αρχαιολογικός χώρος Αγίου Παταπίου στη Βέροια","Agios Patapios, the archaeological site (Veria)","22.204072","40.525817"
"Βυζαντινά και Μεταβυζαντινά Μνημεία Βελβεντού","Byzantine and Post-Byzantine monuments of Velvendo","22.068522","40.256112"
"Αρχαιολογικός χώρος Αντίκυρας","Antikyra","22.628918","38.377461"
"Ρωμαϊκό ωδείο Κω","Roman Odeion of Kos","27.284659","36.889699"
"Αγορά - Λιμένας Κω","Agora - port of Kos","27.290516","36.893664"
"Θολωτός τάφος \"Λαμιόσπιτο\" Διμηνίου","Tholos tomb \"Lamiospito\" at Dimini","22.890562","39.36234"
"Μέγαρο νεολιθικής εποχής στο Σέσκλο","Megaron of the Neolithic period at Sesklo","22.842641","39.355775"
"Οικία \"του Κεραμέα\" στο Σέσκλο","House \"of the Potter\" at Sesklo","22.842464","39.355716"
"Οικία Ν (οικία Νηπίου)","House N (House of the baby)","22.893255","39.361925"
"Μονή Μεγάλου Μετεώρου","Monastery of the Great Meteoron","21.626287","39.726333"
"Μονή Αγ. Νικολάου Αναπαυσά Μετεώρων","Monastery of Agios Nikolaos Anapafsa at Meteora","21.624763","39.723891"
"Θολωτός τάφος  Μινύα","Tholos tomb of Minyas","22.974676","38.493142"
"Μυκηναικοί θαλαμωτοί τάφοι Καστελλίων","Chamber tomb of Oidipus's children","23.322199","38.321388"
"Θέατρο Χαιρώνειας","Ancient Theatre at Chaeronia","22.840461","38.492909"
"Αρχαιολογικός χώρος Λιθαρών στη θήβα","Archaeological site of Lithares in Thiva","23.293711","38.386658"
"Μονή Αγ. Στεφάνου Μετεώρων","Monastery of Agios Stephanos at Meteora","21.638668","39.709201"
"Μονή Ρουσάνου Μετεώρων","Monastery of Rousanou at Meteora","21.63199","39.72155"
"Μονή Αγ. Τριάδας Μετεώρων","Monastery of Agia Triada at Meteora","21.635771","39.713294"
"Μονή Βαρλαάμ Μετεώρων","Varlaam Monastery at Meteora","21.630192","39.725194"
"Μονή Αγ. Βησσαρίωνος (Μονή Δουσίκου)","Monastery of Agios Vissarion (Monastery of Dousiko)","21.595387","39.471384"
"Ναός Αγ. Νικολάου, Καθολικό Μονής Σταγιάδων","Katholikon of the Stagiades monastery","21.457286","39.851446"
"Ναός Αγίων Αποστόλων Πέτρου και Παύλου Κλοκωτού","Church of Agioi Apostoloi (Saint Apostels) Petros kai Pavlos at Klokotos","22.011189","39.565328"
"Θολωτός τάφος \"Τούμπα\" Διμηνίου","Tholos tomb \"Toumba\" at Dimini","22.892895","39.362294"
"Ναός Τιμίου Σταυρού Δολιανών","Church of Timios Stavros in Doliana","21.340403","39.630108"
"Οθωμανικό Τέμενος Οσμάν Σαχ (Κουρσούμ Τζαμί)","Osman Schah Camii (\"Koursoum Camii\")","21.771137","39.550011"
"Ναός Αρτέμιδος στον αρχαιολογικό χώρο Βραυρώνας","Temple of Artemis at the archaeological site of Brauron","23.993424","37.92592"
"Εχίνος","Echinos","22.726209","38.895473"
"Κύνος","Kynos","23.062828","38.723553"
"Ταφικό ηρώο στα \"Μάρμαρα\"  στο Ζερβοχώρι Παραμυθιάς","Funerary Heroon at \"Marmara Zervochoriou\", Paramythia","20.538952","39.387689"
"Ρωμαϊκά λουτρά στα Μωραϊτικα","Roman Buths at Moraeteca","19.5522","39.285"
"Μνημείο Μενεκράτη","Menecrates'  Μonument","19.5503","39.365"
"Ναός Αρτέμιδας στην Κέρκυρα","Temple of Artemis at Corfu","19.546","39.3616"
"Αρχαίος Ναός στη Ρόδα","Roda's Temple","19.4709","39.4716"
"Πύργος Νεραντζίχας","Nerantzicha's Tower","19.5453","39.3615"
"Αρχαιολογική - Λαογραφική Συλλογή Νάπης στη Νάπη","Archaeological - Folklore Collection of Nape in Nape","26.286889","39.269287"
"Τουρκικό διοικητήριο Λήμνου","Turkish Residency at Lemnos","25.060264","39.879959"
"Οικία Βουρνάζων","Residence of Bournazon","26.56198","39.105513"
"Ρωμαϊκές θέρμες Αγ. Θωμά","Roman Springs at Agios Thomas","21.461871","38.381686"
"Μονή Κοίμησης Θεοτόκου Βυτουμά","Monastery of the Koimisi tis Theotokou","21.578543","39.65264"
"Μονή Αγ. Γεωργίου Μυροφύλλου","Monastery of Agios Georgios at Myrofyllo","21.324962","39.360453"
"Αρχαϊκός ναός Τραπεζάς - Κούμαρι Αιγίου","Trapezas' Archaic Temple at Koumari Aigion","22.030029","38.219676"
"Ηρώο Μαμουσιάς","Heroon at Mamousia","22.142223","38.158424"
"Μονή Πέτρας","Monastery of Petra","21.811105","39.268828"
"Ρωμαϊκή Γέφυρα Πατρών","Roman Bridge of Patra","21.755204","38.267249"
"Μονή  Αγίας Τριάδας Δρακότρυπας","Monastery of St. Triada (Holy Trinity) at Drakotrypa","21.593664","39.392722"
"Μονή Αγίου Γεωργίου Μαυροματίου","Monastery of Agios Georgios","21.677638","39.414876"
"Μονή Γενεσίου της Θεοτόκου","Monastery Genesiou tis Theotokou (Nativity of the Virgin)","21.575141","39.287512"
"Βυζαντινό Κάστρο Φαναρίου","Byzantine Castle of Fanari","21.801866","39.415605"
"Μονή Ρεντίνας","Monastery of Rendina","22.000541","39.044928"
"Μονή Ταξιαρχών (Καθολικό) Κάτω Τρίτους","Katholikon of the Taxiarches monastery in Kato Tritos","26.43126","39.08337"
"Βουλευτήριο Ολυμπίας","Bouleuterion of Olympia","21.630817","37.63734"
"Ζάνες","Zanes","21.631367","37.638857"
"Ηρώο Ολυμπίας","Heroon of Olympia","21.628574","37.637935"
"Θεηκολεών","Theokoleon","21.628719","37.63795"
"Θέρμες Λεωνιδαίου","Leonidaion baths","21.628789","37.636495"
"Θέρμες Κλαδέου","Kladeos baths","21.628027","37.638088"
"Θέρμες Κρονίου","Kronios baths","21.629183","37.639507"
"Θησαυροί της Ολυμπίας","Olympia's  Treasuries","21.631074","37.639031"
"Μητρώον","The Metroon","21.630758","37.638821"
"Νοτιοανατολικό κτήριο της Ολυμπίας","South-east building at Olympia","21.632413","37.637869"
"Οικία του Νέρωνα - Ανατολικές Θέρμες","House of Nero","21.631855","37.637752"
"Νότια Στοά Ολυμπίας","South hall at Olympia","21.630771","37.637004"
"Νυμφαίο Ολυμπίας","Nymphaeon of Olympia","21.630385","37.639007"
"Τέμενος Μεχμέτ Μπέη, Σέρρες","Mosque of Mehmet Bey at Serres","23.559494","41.091449"
"Μεσαιωνική γέφυρα Κομψάτου ποταμού","Medieval bridge of the Kompsatos river","25.210506","41.141021"
"Ζινζιρλί Tζαμί","Zincirli Cami","23.553711","41.088069"
"Έπαυλη Αγγίστας","Angista Mansion","23.963649","40.980246"
"Παλαιοχριστιανική Αμφίπολις","Early Christian Amphipolis","23.847408","40.819806"
"Πολύστυλο στα Άβδηρα","Polystylo at Abdera","24.973415","40.933357"
"Μαξιμιανούπολις-Μοσυνούπολις","Maximianoupolis-Mosynoupolis","25.324001","41.12768"
"Ξενώνες της Ολυμπίας","Hostels of Olympia","21.62811","37.637686"
"Πελόπιο","Pelopion","21.629808","37.638408"
"Προϊστορικό κτήριο Ολυμπίας","Prehistoric building at Olympia","21.630484","37.638753"
"Πρυτανείο Ολυμπίας","Prytaneion of Olympia","21.629342","37.639205"
"Βάθρο της Νίκης του Παιωνίου","Pedestal of the Nike of Paionios","21.630975","37.637816"
"Βωμός της Ήρας στην Ολυμπία","Altar of Hera at Olympia","21.630369","37.638871"
"Ελληνικά λουτρά Ολυμπίας","Baths","21.62814","37.638173"
"Βυζαντινά μνημεία νησίδας Αγίου Αχιλλείου Μικρής Πρέσπας","Byzantine monuments of the Agios Achillios islet on Lake Mikri Prespa","21.087137","40.780834"
"Δυμόκαστρο στην Πέρδικα","Dymokastro, Perdika","20.29399","39.330695"
"Ντόλιανη στον Παραπόταμο","Doliani, Parapotamos","20.355268","39.535879"
"Λυγιά στην Ηγουμενίτσα","Lygia, Igoumenitsa","20.188311","39.519982"
"Πολυνέρι","Polyneri","20.3288","39.404358"
"Ρωμαϊκό θέατρο Νικόπολης","Roman Τheatre of Nikopolis","20.73736","39.023485"
"Ρωμαϊκή οικία του Αντωνίνου","The roman house of Antoninus","20.73192","39.013282"
"Ρωμαϊκά τείχη Νικόπολης","Roman fortification of Nikopolis","20.729721","39.012065"
"Ρωμαϊκό ωδείο Νικόπολης","Roman Odeion of Nikopolis","20.729163","39.011156"
"Νυμφαίο Νικόπολης","Nymphaion of Nikopolis","20.724142","39.011018"
"Ρωμαϊκές θέρμες Προαστείου Νικόπολης","Roman thermae of Proastio at Nikopolis","20.730557","39.016916"
"Αρχαιολογικός Χώρος Αλίαρτου","","23.086932","38.37731"
"Αρχαία και μεσαιωνική οχύρωση(θέση Κάστρο)στη Δαύλεια","","22.730799","38.50996"
"Αρχαιολογικός χώρος Εύτρησης στα Λεύκτρα","","23.19885","38.253621"
"Φρούριο στην Καλύβα","Fortress at Kalyva","24.622872","41.262517"
"Εμπορική Αγορά ή Καταγώγιο","Commercial market or Katagogion","20.675513","39.145434"
"Τείχη Κασσώπης","Fortification of Cassope","20.671442","39.143412"
"Ναός Αγίων Αναργύρων στην Καστοριά","Church of Agioi Anargiroi at Kastoria","21.272352","40.520161"
"Οικία Πυρσινέλλα","Pyrsinella' house","20.85256","39.668343"
"Φιλαρμονική Δήμου Ιωαννιτών","Band of Ioannina Municipality","20.853531","39.669665"
"Δημοτική Αγορά Άργους","Municipal forum of Argos","22.725748","37.635936"
"Αγορά αρχαίας πόλης της Κέρκυρας","","19.5502","39.3606"
"Ρωμαϊκά Λουτρά Παλαιόπολης","","19.5515","39.3615"
"Κονάκι του Μπέη Ρασίχ Ασπράκη","Residence of Bei Rasich Aspraki","25.131855","35.340499"
"Πανάνειο Δημοτικό Νοσοκομείο Ηρακλείου","Pananeio Municipal Hospital of Herakleion","25.126952","35.334908"
"Κονάκι του Σαμή Μπέη","Residence of Sami Bei","25.136053","35.340553"
"Οικία Ανδρέου και Μαρίας Καλοκαιρινού","Residence of Andreou and Marias Kalokerinou","25.131252","35.341921"
"Γέφυρα Κρυοποτάμου στο Μύρτο","Bridge of Kriopotamos at Myrtos","25.583442","35.027062"
"Παλαιό Δημοτικό Σχολείο Λιθίνων","Old primary school at Lithina","26.045604","35.075278"
"Κρήνες Κριτσάς","Kritsas' fountains","25.646137","35.164132"
"Κρήνη-δεξαμενή στο Γαράζο","Fountain -Cistern at Garazo","24.788319","35.344047"
"Υδραγωγείο με βρύση στη Δροσιά (Γενί-Καβέ)","Aqueduct with fountain at Drosia (Geni-Kabe)","24.883223","35.337936"
"Κωνσταντία","Konstantia","22.172789","40.978899"
"Βρουλιά","Vroulia","27.794756","35.894048"
"Ακρόπολη Ποσειδίου Καρπάθου","Acropolis of Poseidion at Karpathos","27.217869","35.5099"
"Παλαιόκαστρο Νισύρου","Palaiokastro at Nisyros","27.13067","36.606308"
"Λυκιακός τάφος","Lykian grave monument","29.595097","36.15086"
"Δημοτικό Σχολείο Αίμονα","Primary school at Aimona","24.869045","35.329735"
"Κτηριακό συγκρότημα Νικολακάκη στο Τριπόδο Μυλοποτάμου","","24.685357","35.33335"
"Χαρουπόμυλος Πανόρμου","Charoupomelos Panormou","24.689187","35.417574"
"Κουλές στον Κοξαρέ Μυλοποτάμου","Fortress (Coules) at Koksare of Mylopotamos","24.466969","35.224204"
"Διδακτήριο Άνω Αρχανών","Residency at Ano Archanes","25.161803","35.239648"
"Βόρεια κλιτύς Ακροπόλεως Αθηνών","North slope of the Acropolis","23.725544","37.972333"
"Ναός Αγίων Ασωμάτων, Αθήνα","Church of Agioi Asomatoi at Athens","23.721151","37.977712"
"Επίδαυρος - Λιμηρά","Epidavros - Limera","22.998233","36.745487"
"Γέρακας Λακωνίας","Gerakas - Lakonia","23.05634","36.806124"
"Κοινοτική Κρήνη Χουμεριάκου","Local Fountain at Choumeriakou","25.627903","35.2408"
"Ιερό Μενελάου και Ελένης","Sanctuary of Menelaos and Helen","22.552257","37.082518"
"Μυκηναϊκά κτίσματα στο Μενελάειον","Mycenean edifices in Menelaeon","22.552423","37.082605"
"Αρχαίο θέατρο Μαντινείας","Ancient theatre of Mantineia","22.392374","37.618141"
"Αρχαίος ναός στο Γκορτσούλι","Ancient temple at Gortsouli","22.3904","37.633249"
"Τείχος Μαντινείας","The enclosure of Mantineia","22.394063","37.623265"
"Ναός της Αλέας Αθηνάς","Temple of Athena Alea","22.420416","37.455521"
"Ναός Ηφαίστου","Temple of Hephaistos","23.721411","37.975629"
"Ωδείο Ηρώδου Αττικού","Herod Atticus Odeon","23.724552","37.970768"
"Στοά Ευμένους","Stoa of Eumenes","23.725938","37.970616"
"Ασκληπιείο","Asclepeion","23.726773","37.970781"
"Βάσσες","Bassae","21.898048","37.430541"
"Δύο βρύσες στο Χρισσό Παρνασσίδος","Two fountains at Chrisso Parnassidos","22.470042","38.475019"
"Κοινοτική βρύση \"Μοριός\" Ηλείας","\"Morios\" fountain at Heleia","21.809656","37.863883"
"Πρώην Δημαρχείο Μεσολογγίου","Former town hall of Messologi","21.4338","38.36803"
"Δημοτικό Σχολείο Λαμπείας (Δίβρης)","Primary school at Lampeias (Dibris)","21.808116","37.860783"
"Δημοτικό Θέατρο Απόλλων στον Πύργο","Apollon Public Theatre at Pyrgos","21.439278","37.672898"
"Πρώην Στρατιωτική Σχολή Ευελπίδων","Former Military School of Euelpidon","22.798702","37.566079"
"Κτήριο Αγροτικής Τράπεζας Οικονόμου","Building of the rural bank of Oikonomou","22.72743","37.6322"
"Λαογραφικό Μουσείο Άμφισσας","Folklore Museum at Amphissa","22.377108","38.528564"
"Λαογραφικό Μουσείο Γαλαξειδίου","Folklore Museum at Galaxidi","22.38452","38.378046"
"Νομαρχία Κορινθίας","Prefecture of Corinthia","22.93044","37.942964"
"Οικία Κωστή Παλαμά","Residence of Kostis Palamas","21.427679","38.367982"
"Οικία Τατάνη στην Αμαλιάδα","Residence Tatanis at Amaliada","21.353898","37.799245"
"Μεσοελλαδικές οικίες Δήμητρας Αγιάς","Middle Helladic houses at Dimitra of Agia","22.637777","39.683205"
"Ρολόι - Κωδωνοστάσιο Ναυπάκτου","Nafpaktos Clock/Bell-tower","21.829008","38.394125"
"Φάρος στο Κατάκολο Ηλείας","Lighthouse at Katakolo Ilias","21.314093","37.637888"
"Φάρος Καυκαλίδας Ηλείας","Lighthouse at Kafkalida Ilias","21.120698","37.940185"
"Προϊστορικός οικισμός Μακρυχωρίου","Prehistoric settlement at Makrychori","22.501947","39.794664"
"Προϊστορικός οικισμός Παλαιόσκαλας","Prehistoric settlement at Palaioskala","22.78779","39.536736"
"Περραιβική Τρίπολη","Perraivian Tripolis","22.218564","40.054285"
"Πυραμιδοειδής τάφος Α΄ Κραννώνας","Pyramidal tomb A at Krannonas","22.304864","39.493113"
"Πυραμιδοειδής τάφος Κραννώνας","Pyramidal tomb at Krannonas","22.307106","39.488915"
"Κτήριο Ξηνταροπούλου","Building Xindaropoulou","22.726765","37.631274"
"Σιδηροδρομικός Σταθμός Πύργου Ηλείας","Railway Station at Pyrgos (Ilia)","21.436107","37.676577"
"Δημαρχιακό Μέγαρο Σπάρτης","Sparta Town Hall","22.433867","37.074538"
"Γέφυρα \"Στραβόρεμα\"","\"Straborema\" Bridge","23.040437","36.687135"
"Φάρος Ακρωτηρίου \"Ταίναρον\"","Lighthouse at Tenaron Cape","22.469559","36.701458"
"Παλαιό Παρθεναγωγείο Γυθείου","Old Female Boarding School at Gythio","22.564734","36.760358"
"Αρχαιολογικό Μουσείο Σπάρτης","The Archaeological Museum of Sparta","22.431848","37.074778"
"Παλαιό Δημαρχείο Ναυπλίου","Old Town Hall","22.796679","37.567146"
"Δημαρχείο Άργους","Town Hall","22.729243","37.634819"
"Σταθμός Ο.Σ.Ε. Ναυπλίου","Railway Station","22.803618","37.56522"
"Κτήριο Χ. Αλευρά - Λαμπίρη","Building Ch. Alevras-Lamprinis","22.795528","37.566489"
"Ναός της Αρτέμιδος Ορθασίας","Temple of Artemis Orthasia","21.898586","37.430233"
"Δημαρχείο Καλαμάτας","Town Hall at Kalamata","22.111477","37.041142"
"Λαογραφικό Μουσείο Καλαμάτας - Αρχοντικό Κυριακού","Folklore Museum at Kalamata","22.114352","37.044795"
"Αγροτική Τράπεζα Αστακού","Rural Bank at Astakos","21.082408","38.534638"
"Κτήριο ΔΕΗ Αγρινίου","Building of ΔΕΗ at Agrinio","21.409572","38.623425"
"Σιδηροδρομικός Σταθμός Αγρινίου","Railway Station at Agrinio","21.408978","38.622072"
"Γεφύρι Αυλακίου Αιτωλοακαρνανίας","Bridge at Avlaki Etoloakarnanias","21.350026","38.967684"
"Περιοχή Κόκκινος Βράχος, Ζάκυνθος","Kokkinos Brachos region, Zakynthos","20.904389","37.804683"
"Σιδηροδρομικός σταθμός Καλαμάτας","Railway Station at Kalamata","22.109264","37.037381"
"Πέτρινο- χυτοσiδηρό συντριβάνι","Stone cast-iron fontain","21.585968","37.157238"
"Πανταζοπούλειος Λαϊκή Σχολή","Pantazopouleios public school","22.111747","37.039517"
"Μπενάκειο Αρχαιολογικό Μουσείο Καλαμάτας","Benakio Archaeological Museum at Kalamata","22.114024","37.043818"
"Οικία του Ολυμπιονίκη Κ. Τσικλητήρα","Residence of the Olympic Medalist K.Tsiklitiras","21.694967","36.914177"
"Οικία Μαρίνου Φωκά - Κοσμετάτου, Αργοστόλι","Residence of Marinos Phokas-Kosmetatos, Argostoli","20.438663","38.204739"
"Γεφύρια Στρόμης","Bridges at Stromi","22.256978","38.707773"
"Αχειροποίητος","Church of Acheiropoiitos","22.943642","40.631076"
"Κατοικία Κωνσταντίνου και Ιωάννη Ράγκου","Residence of Konstatinos and Ioannis Ragkos","20.882514","38.784063"
"Πέτρινα Γεφύρια Αιτωλικού","Stone Bridges at Etoliko","21.353939","38.436577"
"Ναός Απόλλωνα Πυθίου Σωτήρα","Temple of Apollo Pythios Sotir","20.982728","39.160795"
"Αμβρακία","Ambracia","20.982975","39.160807"
"Λευκάδα","Lefkada","20.716071","38.799768"
"Προϊστορικοί τύμβοι στο Στενό Νυδριού","Prehistoric tumuli at Nydri","20.704081","38.698805"
"Αρχαιολογικός χώρος Φρουρίου Λάρισας","Arcaeological site of Fort of Larissa","22.416324","39.641669"
"Μονή Κανάλων στην Καρυά Ελασσόνας","Kanalon Monastery at Karya Elassonas","22.457566","40.001459"
"Ναός Κοίμησης Θεοτόκου, Αετόλοφος Αγιάς","Church of the Dormition at Aetolofos of Agia","22.72642","39.687292"
"Αρχαιολογικό Μουσείο Μυκηνών","Archaeological Museum of Mycenae","22.756462","37.731778"
"Ηραίο Άργους","Heraion of Argos","22.774916","37.691971"
"Τούμπα Τάμπια (Αίνεια) στη Ν. Μηχανιώνα","Aineia","22.834621","40.475568"
"Άφυτις","Aphytis","23.439004","40.10109"
"Αξιοχώρι","Axiochori","22.643629","40.869888"
"Αρχαιολογικό Μουσείο Θέρμου","Archaeological Museum of Thermos","21.669106","38.562411"
"Ιερό Αρτέμιδος στη Ρακίτα Αχαϊας","Sanctuary of Artemis in Rakita (Achaea)","21.564927","38.090919"
"Νεκροταφείο στο Καλαμάκι Ελαιοχωρίου","Cemetery at Kalamaki Elaiochorion","21.344312","38.05197"
"Αρχαιολογικό Μουσείο Ολυμπίας","Archaeological Museum of Olympia","21.629471","37.643512"
"Ανάκτορο Αρχανών","Archanes' palace","25.159853","35.236372"
"Νεκρόπολη στο Φουρνί Αρχανών","Necropolis at Fourni, Archanes","25.158064","35.245575"
"Ανάκτορο Γαλατά","Minoan palace at Galatas","25.245413","35.174449"
"Δάφνη","","21.434857","37.867593"
"Φρούριο \"Καζάρμα\" στην Σητεία","\"Kazarma\" Fortress in Siteia","26.107458","35.21112"
"Ενετικά Τείχη Ηρακλείου","Venetian walls of Herakleion","25.137253","35.337217"
"Θαλάσσιο Φρουριο ενετικού λιμένος Ηρακλείου (Κούλες)","Venetian fortess at the harbour of Heraklion (Koules)","25.136883","35.344569"
"Κρήνη Μοροζίνι","Morozini Fountain","25.133137","35.339168"
"Ναός Παναγίας Φόδελε","Church of the Panagia at Fodele","24.951721","35.385735"
"Βασιλική Λέντα","Lendas Basilica","24.925001","34.93159"
"Ναός Αγίου Τίτου Γόρτυνας","","24.947131","35.062074"
"Θέατρο Αρχαίας Ήλιδας","Ancient theatre at Elis","21.362196","37.780267"
"Ναόσχημοι τάφοι","templeshaped graves","21.867025","37.529583"
"Μονή Φραγκαβίλλας","Monastery of Fragavilla","21.362196","37.780267"
"Μονή Μεγάλου Σπηλαίου","Monastery of Megalo Spileo","22.175343","38.089274"
"Αρχαιολογικός Χώρος Αρκαδικού Δράμας","Arkadikos Drama","24.121342","41.139365"
"Καλή Βρύση","Kali Vrisi","23.909726","41.142734"
"Θέατρο Φιλίππων","Theatre at Philippoi","24.286287","41.013398"
"Ναός της Μεταμόρφωσης του Σωτήρα στη Χριστιανούπολη","Church of the Metamorfosi Sotira at Christianoupoli","21.683825","37.141007"
"Μαλλιαροπούλειο Δημοτικό Θέατρο","Malliaropoulio Municipal Theater","22.372705","37.511545"
"Πύργος Μπελένη","Tower at Beleni","26.835303","37.163469"
"Κάστρο Μεθώνης","Castle of Methoni","21.704746","36.811939"
"Αρχαιολογικός Χώρος Κάστρου Μονεμβασίας","Archaeological site of Monemvasia Castle","23.056042","36.687715"
"Ναός Παναγίας Παναξιώτισσας Γαυρολίμνης","Church of Panagia Panaxiotissa at Gavrolimni","21.626","38.398086"
"Κάστρο Ιωαννίνων","Fortress of Ioannina","20.5137","39.4016"
"Κάστρο Σιγρίου","Castle of Sigri","25.850573","39.210888"
"Οχυρό-Βίγλα Ερεσού","Acropolis (Vigla) of Eressos,","25.934765","39.134024"
"Παλαιοχριστιανική βασιλική Υψηλομετώπου","Basilica of Ypsilometopo","26.243306","39.305307"
"Παλαιοχριστιανική βασιλική Μέσσων","Messon Basilica","26.305192","39.196384"
"Αρχαιολογικός Χώρος Κάστρου Πυθαγορείου","Archaeological Site of the Castle of Pythagoreion","26.940038","37.688363"
"Ανάβατος","Anavatos","26.020424","38.401098"
"Αρχαιολογικός Χώρος στο Ποτάμι Καρλοβάσου","Archaeological Site of Potami (River), Karlovasi","26.6687","37.786945"
"Αρχοντικό Χατζηαγαπητού","Chatziagapitos Mansion","27.839076","36.610378"
"Κάστρο Ζακύνθου","Castle of Zakynthos","20.892091","37.789561"
"Βυζαντινό Κάστρο στον Πλαταμώνα","Castle of Platamonas","22.59841","40.00568"
"Επισκοπικός Μεσοβυζαντινός Ναός Πύδνας στο Μακρύγιαλο","","22.617223","40.397467"
"Φωτική στην Παραμυθιά","Photiki, Paramythia","20.498858","39.479021"
"Μονή Οσίου Λουκά στο Στειρι","Monastery of Osios Loukas at Steiri Boiotia","22.746318","38.395136"
"Βάθρο του Αγρίππα","Pedestal of Agrippa","23.72485","37.971811"
"Ναός της Ρώμης και του Αυγούστου","Temple of Rome and Augustus","23.727293","37.971625"
"Πύλη Beule","Beule Gate","23.724605","37.971631"
"Τείχος της Ακρόπολης","Acropolis fortification wall","23.725708","37.971257"
"Χαλκοθήκη","Chalkotheke","23.725724","37.971409"
"Αρχαίος ναός της Αθηνάς","Old temple of Athena","23.726357","37.971883"
"Μονή Παναγίας Κεράς","Monastery of Panagia Kera","25.461411","35.224421"
"Παναγία η Γκουβερνιώτισσα στις Ποταμιές Δήμου Χερσονήσου","Panagia Gouverniotissa at Potamies","25.384335","35.260325"
"Ναός της Παναγίας στη μονή του Οσίου Λουκά","Church of the Panagia at the Monastery of Osios Loukas","22.746938","38.395508"
"Αγία Τριάδα οδού Ιπποτών, Μεσαιωνική πόλη Ρόδου","Holy Trinity (Hagia Triada) on Ippoton St., Medieval Town of Rhodes","28.225566","36.445102"
"Παντάνασσα","Monastery of Pantanassa","22.369093","37.073435"
"Περίβλεπτος","Perivleptos","22.371275","37.071993"
"Αρχαιολογικός χώρος Μηλέας","Archaeological site of Milea","22.105431","40.035089"
"Ακρόπολη Αζώρου","Akropolis of Azoros","22.077171","39.999461"
"Ανάκτορο Αιγών","The Vergina palace","22.322636","40.47788"
"Ναός της Αφροδίτης","Temple of Aphrodite","21.90056","37.43071"
"Τάρρα στην Αγ. Ρουμέλη Σφακίων","Tarra","23.960624","35.232808"
"Μικρό ανάκτορο Κνωσού","Litlle palace at Knossos","25.160033","35.299348"
"Βασιλική έπαυλη Κνωσού","Royal villa at Knossos","25.163463","35.297802"
"Οικία των τοιχογραφιών στην Κνωσό","The Frescoes house at Knosos","25.162875","35.298439"
"Βασιλικός Τάφος-Ιερό","Temple Tomb","25.163018","35.297338"
"Νότια Οικία Κνωσού","South house at Knosos","25.162428","35.297402"
"Ανεξερεύνητη Οικία Κνωσού","Unexplored house at Knosos","25.159823","35.299346"
"Ξενώνας Κνωσού","Hospice at Knosos","25.162484","35.296467"
"Αγορά στην Κασσώπη","Agora of Cassope","20.674612","39.145651"
"Ναός Άμμωνα Δία","Temple of Ammon Zeus","23.44835","40.077112"
"Ναός Απόλλωνα Ήλιου","Temple of Apollo Helios","23.912189","40.376747"
"Τείχος Μυκηναικής Ακρόπολης Γλα","Walls of the Mycenaean Citadel of Gla","23.178738","38.483922"
"Μέλαθρον Μυκηναϊκής Ακρόπολης Γλα","Palace of the Mycenaean Citadel of Gla","23.181796","38.484006"
"Σπήλαιο Νυμφολήπτου ή Πανός ή Αρχεδήμου","cave of the Nympholept or Pan or Archedimos","23.801421","37.858532"
"Σπήλαιο Προφήτη Ηλία Ριζούπολης","cave Profitis Ilias","23.747659","38.029789"
"Σπήλαιο Νταβέλη ή Αμώμων","Ntavelis or Amomon cave","23.877455","38.068366"
"Σπήλαιο Ωλιάρου","cave of Antiparos","25.059803","36.99069"
"Σπήλαιο Πλουτώνειον","cave Ploutonio","23.538747","38.041415"
"Σπήλαιο (Δολίνη) Βραώνας","Cave at Vraona","23.995936","37.915761"
"Σπήλαιο Ευριπίδη","Cave of Euripides","23.452205","37.882184"
"Σπήλαιο Πανός (Οινόη ΙΙ)","Cave of Pan (Oinoe II)","23.930244","38.158761"
"Σπήλαιο Κίτσου","cave Kitsos","24.011233","37.733614"
"Σπήλαιο Σχιστού","cave Schisto","23.603408","37.986781"
"Σπήλαιο Συκιά","Cave Sykia","25.944042","38.251392"
"Σπήλαιο Πιτσών","Pitsa cave","22.514469","38.094531"
"Σπήλαιο Λέχοβας","Cave at Lechova","22.611542","37.94271"
"Σπήλαιο Κάψια","Cave Kapsias","22.354239","37.622791"
"Σπήλαιο Καιάδας","cave Kaiadas","22.340743","37.09622"
"Σπήλαιο πηγών Αγγίτη","Cave of Aggitis","23.894169","41.219986"
"Σπήλαιο Νυμφών Σίφνου","Nymphs' cave","24.67924","36.984812"
"Σπήλαιο Σηράγγιο","Cave Siraggeio","24.930933","36.632762"
"Σπήλαιο Σφενδόνη","Cave Sfentoni","24.840184","35.299597"
"Σπήλαιο Σπηλιαρίδα Λατζιμά","Cave Spiliarida Latzima","24.645977","36.679931"
"Σπήλαιο Μιλάτου","Milatos cave","25.577991","35.308197"
"Σπήλαιο Τραπέζα","Cave of Trapeza","25.493638","35.198354"
"Σπήλαιο Καμαραϊκό","Kamaraiko cave","24.824035","35.162177"
"Σπήλαιο Ασφένδου","Asfendos cave","24.213964","35.248103"
"Σπήλαιο Αγίας Σοφίας Τοπολίων","cave Agia Sofia","23.6809","35.407534"
"Σπήλαιο Κουμαρόσπηλιος","cave Koumarospilios","24.103092","35.589429"
"Σπήλαιο Κύκλωπα Πολύφημου","Cyclops Polyphymos cave","25.5021","40.932433"
"Κτηριακό συγκρότημα κινηματοθεάτρου \"Ορφέα\"","Building Complex cinema/theater \"Orpheus\"","27.288304","36.893299"
"Δημοτική Αγορά Καστελλορίζου","Municipal Market at Kastelorizo","29.591525","36.148794"
"Δημοτικές Ιαματικές Πηγές Νισύρου","Healing Baths at Mandraki","27.153989","36.61255"
"Οικία Ιωάννη Κωνσταντάκη","Residence of Ioannis Konstantakis","27.856586","36.228143"
"Ανάκτορο Μαλίων","Malia palace","25.492849","35.293063"
"Θόλος Αρχαίας Αγοράς","Tholos at the Ancient Agora","23.72191","37.974877"
"Βουλευτήριο Αρχαίας Αγοράς","Bouleuterion at the Ancient Agora","23.721921","37.975213"
"Στοά Αττάλου","Stoa of Attalos","23.724214","37.97513"
"Θέατρο Διονύσου Ελευθερέως","Theater of Dionisos Eleuthereos","23.72773","37.970383"
"Οικία Μαριγώς Μαυρικάκη","Residence of Marigo Mavrikaki","26.918569","35.401976"
"Κινηματοθέατρο και ξενοδοχείο \"Λέρος\"","\"Leros\" cinematheatre/hotel","26.853174","37.131762"
"Δημοτικό Σχολείο Λειψών","Municipal School at Lipsi","26.767931","37.297766"
"Επαρχείο Καρπάθου","Courthouse Karpathos","27.211877","35.508745"
"Μόνιμη έκθεση Μουσείου Μυκηνών","Museum of Mycenae","22.756462","37.731778"
"Ιερό Διονύσου Ελευθερέως","Dionysos Eleuthereus Shrine","23.727931","37.970125"
"Νεκροταφείο των τύμβων, Αιγαί","Tumuli necropolis at Aigai","22.329149","40.487554"
"Τάφος Περσεφόνης στις Αιγές","Aigai, the so-called tomb of Persephone","22.319967","40.487258"
"Τάφος με τους ελεύθερους κίονες στις Αιγές","Aigai, the so-called tomb of the ''free columns''","22.319009","40.48744"
"Μουσείο της Ιστορίας των Ανασκαφών της Ολυμπίας","Museum of the History of the Exacavations in Olympia","21.625202","37.640881"
"Ενεπίγραφο χείλος αγγείου στο μουσείο Μυκηνών","Inscribed vessel rim in the museum of Mycenae","22.7565","37.7318"
"Επιτύμβια στήλη με παράσταση κυνηγίου στο μουσείο Μυκηνών","Grave stele with representation of a hunting in the museum of Mycenae scene","22.7565","37.7318"
"Γυναικείο ειδώλιο στο μουσείο Μυκηνών","Female figurine in museum of Mycenae","22.7565","37.7318"
"Μήτρα κοσμημάτων στο μουσείο Μυκηνών","Jewelry mould in the museum of Mycenae","22.7565","37.7318"
"Ομoίωμα ανδρικής κεφαλής στο μουσείο Μυκηνών","Effigy of a male head","22.7565","37.7318"
"Λάρνακα στο μουσείο Μυκηνών","Larnax  (Chest) in the museum of Mycenae","22.7565","37.7318"
"Λάγηνος στο μουσείο Μυκηνών","Lagenos in the museum of Mycenae","22.7565","37.7318"
"Ενεπίγραφο θραύσμα επένδυσης ασπίδας στο μουσείο Μυκηνών","Inscribed fragment from the lining of a shield in the museum of Mycenae","22.7565","37.7318"
"Λέσχη Κνιδίων","Lesche of the Knidians","22.501116","38.483012"
"Διοικητήριο Κω","Governor's House at Kos","27.291624","36.894828"
"Βιοτεχνία κατασκευής καμπανών στο Εμπορειό","Bell metal craft industry in Emporio","27.818971","36.621586"
"Φρούριο Κότσινα","Kotsinas fortress","25.285213","39.941697"
"Ραβενή","Raveni","20.485835","39.649661"
"Μαστιλίτσα","Mastilitsa","20.199447","39.593526"
"Δυτικοί λόφοι Αθηνών","Acropolis Western Hills","23.720727","37.971124"
"Αρχαιολογικό Μουσείο Νισύρου","Archaeological Museum of Nisyros","27.133355","36.612346"
"Οχυρώσεις Μεσσήνης","Fortifications of Messini","21.906137","37.186237"
"Ταφικό μνημείο 2  Αρκαδικής Πύλης","Funerary Monument 2 of the Arcadian Gate","21.913165","37.187181"
"Ιερά στην Ιθώμη","Sanctuaries at Ithomi","21.924655","37.186272"
"Θέατρο Μεσσήνης","Theatre at Messena","21.918751","37.177764"
"Κρήνη Αρσινόη","Spring of Arsenoe","21.919581","37.177892"
"Πρωτοβυζαντινή Βασιλική","Early Byzantine Vasilika","21.921308","37.175458"
"Ναός Δήμητρας","Temple of Demeter","21.724394","37.439445"
"Αγορά αρχαίας Ήλιδος","Agora of Ancient Elis.","21.37406","37.890822"
"Αγορά Αρχαίας Ήλιδας","Ancient Agora (forum) at Ilis","21.373799","37.889374"
"Ναός Αθηνάς","Temple of Athena","21.866891","37.528974"
"Ναός Ασκληπιού","Temple of Asklepios","21.863281","37.531914"
"Ρωμαϊκά Λουτρά Ζαππείου","Roman Baths at Zappeion","23.733819","37.971597"
"Υπαίθριος εκθεσιακός χώρος Πλατείας Συντάγματος","Outdoor exhibition area at Syntagma Square","23.734999","37.975555"
"Αρχαιολογικός χώρος Πλατείας Κοτζιά","Archaeological Site at Kotzia Square","23.728538","37.981805"
"Αρχαιολογικός χώρος οδού Αιόλου","Archaeological site on Aiolou Street","23.728752","37.981042"
"Ελευθερές","Eleutherai","23.376001","38.179396"
"Αρχαία Ιερά οδός (Πλατεία Εσταυρωμένου, Σταθμός ΜΕΤΡΟ \"Αιγάλεω\")","Ancient Iera Odos (Sacred Way) - Estavromenou Square, Athens METRO - \"Aigaleo\" Station","23.681722","37.9917"
"Ναός Ολυμπίου Διός","Temple of Olympian Zeus","23.733092","37.969394"
"Ναός Αθηνάς και Διός Σωτήρος στην αρχαία Φιγάλεια","Temple of Athena and Zeus Soter at Ancient Phigalia","21.839683","37.399853"
"Ταφικός Κύκλος Β' Μυκηνών","Grave Circle B","22.755091","37.730681"
"Υπόγεια Δεξαμενή Μυκηνών","Subterranean cistern","22.759249","37.730791"
"Θρησκευτικό κέντρο Μυκηνών","Religion Centre of Mycenae","22.756923","37.729737"
"Κυκλώπεια τείχη Μυκηνών","Cyclopean Walls","22.756425","37.731184"
"Συνοικία Λαδέμπορου Μυκηνών","Building Complex of the Oil Merchant","22.754558","37.729822"
"Πύλη Λεόντων Μυκηνών","Lions' Gate","22.756164","37.730821"
"Λαδοχώρι","Ladochori","20.252308","39.48417"
"Αρχαιολογικό Μουσείο Καρπάθου","Archaeological Museum of Karpathos","27.211601","35.508629"
"Μικρό Βαλανείο","","24.676315","35.332865"
"Οικίες αρχαίας Πέλλας","Houses at Ancient Pella","22.517767","40.754019"
"Νεκρομαντείο στον Μεσοπόταμο","Nekromanteion of Acheron","20.533946","39.236238"
"Οχύρωση Τίρυνθας","Walls","22.799549","37.600479"
"Δυτικός Προμαχώνας Τίρυνθας","Western Staircase","22.799876","37.599049"
"Κάτω Ακρόπολη Τίρυνθας","Lower Citadel","22.799667","37.600037"
"Γεωμετρικός Ναός Τίρυνθας","Geometric Temple","22.80033","37.598947"
"Αρχαίο Θέατρο Ασκληπιείου Επιδαύρου","Ancient theatre at the Asklepieion of Epidaurus","23.0792","37.5961"
"Θόλος/ Θυμέλη στο Ιερό του Ασκληπιού Επιδαύρου","Tholos/ Thymele at the Sanctuary of Asklepios at Epidaurus","23.0738","37.5983"
"Στοά  Αβάτου Ιερού Ασκληπιού Επιδαύρου","Stoa of Abaton at the Sanctuary of Asklepios at Epidaurus","23.0741","37.5986"
"Καταγώγιο Ασκληπιείου Επιδαύρου","Katagogion at the Sanctuary of Asklepios at Epidaurus","23.0773","37.5973"
"Κτίριο Ε Ασκληπιείου Επιδαύρου","Builing E at the Sanctuary of Asklepios at Epidaurus","23.0747","37.5985"
"Αρχαιολογικό Μουσείο Ασκληπιείου Επιδαύρου","Archaeological Museum of Asklepeion Epidaurus","23.0782","37.5968"
"Ναός Αρτέμιδος Ιερού Ασκληπιού Επιδαύρου","Temple of Artemis at the Sanctuary of Asklepios at Epidaurus","23.0749","37.5883"
"Ναός Ασκληπιού Ιερού Ασκληπιού Επιδαύρου","Temple of Asklepios at the Sanctuary of Asklepio at Epidaurus","23.0748","37.5986"
"Στάδιο Ιερού Ασκληπιού Επιδαύρου","Stadium at the Sanctuary of Asklepios at Epidaurus","23.0737","37.5975"
"Τελετουργικό Εστιατόριο ( ''Γυμνάσιο'' ) Ασκληπιείου Επιδαύρου","Ceremonial Banqeting Hall (\"Gymnasium\") at the Sanctuary of Asklepios at Epidaurus","23.0754","37.5976"
"Μόνιμη Έκθεση Μουσείου του Ασκληπιείου Επιδαύρου","The permanent exhibition of Museum of sanctuary of Asklepios at Epidaurus","23.0782","37.5968"
"Ιερό Απόλλωνος Μαλεάτα","Sanctuary of Apollo Maleatas","23.0854","37.5991"
"Ελληνικά Λουτρά Επιδαύρου","Greek Baths at the Sanctuary of Asklepios Epidaurus","23.0755","37.5969"
"Η Μακεδονία από τον 7ο αι. π.Χ. ως την Ύστερη Αρχαιότητα","Macedonia from the 7th c. BC until the Late Antiquity","22.952939","40.625099"
"Κάστρο Χλεμούτσι","Chlemoutsi Castle","21.141106","37.890439"
"Κάστρο Γλαρέντζας","","21.140195","37.939635"
"Η ακρόπολη και η οχύρωση της καστροπολιτείας του Μυστρά.","","22.376027","37.073746"
"Ναός του Αγίου Δημητρίου","Agios Dimitrios","22.369117","37.076212"
"Άγιοι Θεόδωροι Μυστρά","Agioi Theodoroi of Mystra","22.36767","37.0765"
"Ναός της Οδηγήτριας","Odigitria","22.366871","37.076446"
"Αγία Σοφία Μυστρά","Agia Sofia of Mystra","22.378954","37.072248"
"Άγιος Νικόλαος Μυστρά","Agios Nikolaos of Mystra","22.367691","37.074203"
"Έκθεση Αρχαιολογικού Μουσείου Μυστρά","","22.369092","37.076427"
"Κάστρο Πάτρας","Castle of Patras","21.742228","38.245309"
"Ναός Αρχαγγέλου Μιχαήλ στην Αράδενα Σφακίων","","24.051647","35.228233"
"Ναός Aγ. Γεωργίου στα Νοπήγεια Κισάμου","Church of Ag. Georgios","23.724219","35.505282"
"Μονή Αγ. Ιωάννη Ελεήμονα στον Παζινό Ακρωτηρίου","Monastery of Ag. Ioannis the Merciful","24.130161","35.524763"
"Φρούριο Φιρκά στην παλιά πόλη Χανίων","Firka Fortress","24.015656","35.518609"
"Τάφος Αλεξάνδρου Δ' στις Αιγές","Aigai, the tomb of Alexander IV","22.31998","40.487485"
"Πύργος Μούρτζινων","","22.234408","36.890712"
"Μονή Παναγίας Αντιφωνήτριας","","24.301994","35.254846"
"Ναός Κοιμήσεως της Θεοτόκου, Μέρωνας Αμαρίου","","24.62854","35.232554"
"Μονή Αρκαδίου","Monastery at Arkadi","24.629353","35.309928"
"Ναός Κοιμήσεως της Θεοτόκου και Αγίας Παρασκευής","","24.602954","35.343713"
"Ναός Παναγίας","","24.508336","35.225725"
"Ναός Αγ, Γεωργίου στον Κουρνά Αποκορώνου","Church of Ag. Georgios","24.259907","35.362867"
"Ιερό Πυθίου Απόλλωνα","","24.94971","35.059378"
"Ιερό Αιγυπτιακών Θεοτήτων","","24.950818","35.058241"
"Πραιτώριο","","24.951155","35.058831"
"Οικία Καρυωτάκη","","22.368084","37.512617"
"Αρχαιολογικό Μουσείο Τρίπολης","","22.373925","37.508907"
"Νεκροταφείο Ι. Ν. Μεταμορφώσεως Σωτήρος","","22.37999","37.509119"
"Δημαρχείο Γυθείου","","22.566068","36.760403"
"Δικαστικό Μέγαρο Σπάρτης","","22.426432","37.075319"
"Οικία Ματάλα","","22.426743","37.074022"
"Φάρος της Κραναής","","22.574715","36.752523"
"Αρχοντικό Κωνσταντόπουλου","","22.727913","37.63282"
"Δημοτικό Σχολείο Δημητσάνας","","22.039779","37.5953"
"Κάστρο Γραμβούσας","","23.576011","35.609149"
"Κάστρο Φορτέτζα","","24.470917","35.372181"
"Κάστρο Μυτιλήνης","Castle of Mytiulene","26.562085","39.111946"
"Φρούριο Μολύβου","Castle of Mithymna","26.177436","39.368446"
"Τσαρσί Χαμάμ","Carsi Hamam in Mytilene","26.557355","39.110415"
"Γαύδος","","24.087696","34.836103"
"Πολυρρήνια Κισάμου","","23.657118","35.45696"
"Κίσαμος","","23.638351","35.503741"
"Έλυρος στο Ροδοβάνι Σελίνου","","23.795609","35.28746"
"Ανώπολις Σφακίων","","24.06391","35.21744"
"Λισός Σελίνου","","23.789531","35.241935"
"Αποδούλου","","24.735514","35.156526"
"Άπτερα στα Μεγάλα Χωράφια Αποκορώνου","Aptera","24.143931","35.46299"
"Αζοϊρές Στύλου στον Αποκόρωνα","","24.123627","35.433584"
"Υρτακίνα σταΤεμένια Σελίνου","","23.751529","35.279696"
"Οικία 2","","24.674921","35.332628"
"Σπήλαιο \"Λερά\"","","24.102706","35.592941"
"Κάστρο Χίου","","26.136469","38.373712"
"Θολωτός τάφος στο Μάλεμε Κυδωνίας","","23.83276","35.523571"
"Μινωική Έπαυλη στα Νεροκούρου Χανίων","","24.036762","35.476263"
"Σπήλαιο Μελιδονίου","Melidoni cave","24.729562","35.384454"
"Αρχαιολογικό  Μουσείο  Χανίων","Archaeological Museum of Chania","24.01746","35.515617"
"Φρούριο Φραγκοκάστελλο - Castelfranco","Fortress at Fragkokastello (Castelfanco)","24.231269","35.184884"
"Παλαιοχριστιανική Βασιλική Αγίου Νικήτα στο Φραγκοκάστελλο Σφακίων","Early Christian Basilica of Ag. Nikitas","24.234657","35.182214"
"Οικία Κοντού - Μουσείο Θεόφιλου στην Ανακασιά (Πηλίου) Μαγνησίας","Kontos House - Museum of Theofilos","22.973576","39.382708"
"Φούρνος του Βελέντζα στην Άλλη Μεριά (Πηλίου) Μαγνησίας","","22.981701","39.370662"
"Καφενείο Θεόφιλος (πρώην κτήριο Μαυράκη - Βατσαρέα) στη Μακρινίτσα (Πηλίου) Μαγνησίας","","22.986765","39.40212"
"Μιδέα","Midea","22.830928","37.65714"
"Αρχοντικό Βαρελτζήδαινας Πέτρας","Vareltzidaina Mansion in Petra","26.178309","39.329623"
"Ιλίου Μέλαθρον, κατοικία Ερ. Σλήμαν","","23.735383","37.97787"
"Νομισματικό Μουσείο","Numismatic Museum","23.73542","37.977839"
"Μαυσωλείο Γαζή Εβρενός στα Γιαννιτσά","Gazi Evrenos' Mausoleum","22.408465","40.787114"
"Αρχαιολογικό Μουσείο Καρδίτσας","Archaeological Museum of Karditsa","21.918624","39.363029"
"Βυζαντινό Μουσείο Ιωαννίνων","Byzantine Museum of Ioannina","20.5142","39.4014"
"Μόνιμη Έκθεση Αρχαιολογικού Μουσείου Κιλκίς","Exhibition of the Archaeological Museum at Kilkis","22.874125","40.993306"
"Αρχαιολογικό Μουσείο Πολυγύρου","Archaeological Museum of Poligiros","23.439869","40.380689"
"Εκκλησιαστικό Κειμηλιαρχείο Ιεράς Μητροπόλεως Σερρών και Νιγρίτης","","23.548872","41.094726"
"Σπήλαιο Φράγχθι","Franchthi cave","23.131286","37.422413"
"Σπήλαιο Ανδρίτσας","Cave of Andritsa","22.640784","37.480342"
"Σπήλαιο Αγίας Τριάδας","cave Agia Triada","24.418577","38.04281"
"Σπήλαιο Λεοντάρι","cave Leontari","23.829749","37.987372"
"Σπήλαιο Λακωνίς","cave Lakonis","22.579521","36.782928"
"Σπήλαιο Κουρήτα","Kourita cave","20.972769","38.910362"
"Σπήλαιο Κλεψύδρα","Klepsydra cave","23.724799","37.972076"
"Σπήλαιο Μυκηναϊκή Κρήνη","cave Mycenean fountain","23.735925","37.972394"
"Σπήλαιο Αγλαύρειο","Aglavrio cave","23.728307","37.971652"
"Σπήλαιο Ιερής Kρήνης Ασκληπιείου","Fountain of Asklepios Sanctuary","23.726956","37.970793"
"Σπήλαιο Χορηγικού Μνημείου Θρασύλλου","Thrassylos cave","23.727695","37.97102"
"Αρχαιολογική Συλλογή Βολισσού","Archaelogical Collection at Volissos","25.924899","38.483951"
"Αρχαιολογικό Μουσείο Τεγέας","Archaeological Museum of Tegea","22.420588","37.454096"
"Καλυδώνα","Kalydon","21.530409","38.370634"
"Θέατρο Καλυδώνας","Theatre of Kalydon","21.531239","38.371319"
"Αρχαιολογικός χώρος Θερμής στη Λουτρόπολη Θερμής","Archaeological site of Thermi in Loutropoli Thermis","26.5037","39.176645"
"Νέα Πλευρώνα","New Pleuron","21.407196","38.41292"
"Μουσείο Πύργου Πικουλάκη","Museum of Pikoulakis tower-house","22.38051","36.666018"
"Τείχος Νέας Πλευρώνας","Fortification walls of New Pleuron","21.408618","38.412519"
"Θέατρο Νέας Πλευρώνας","Theatre of New Pleuron","21.40868","38.413705"
"ΣΠΑΠ, Συνεδριακό και Εκθεσιακό Κέντρο Ολυμπίας","SPAP, Conference and Exhibition Centre of Olympia","21.629291","37.642665"
"Δενδρά","Dendra","22.825253","37.656906"
"Οινιάδες","Oiniades","21.196549","38.413017"
"Πάλαιρος","Palairos","20.823543","38.835426"
"Τείχος Παλαίρου","Fortification walls of Palairos","20.823166","38.835758"
"Τείχος Καλυδώνας","Fortification walls of Kalydon","21.532302","38.374262"
"Μουσείο Πύργου Λογοθέτη Λυκούργου","Museum of Logothetis Lykourgos Tower","26.939973","37.68846"
"Λευκός Πύργος: Μουσείο - OLD","White Tower:Museum","22.948378","40.626355"
"Τείχος Δυμαίων","Teichos Dymaion","21.402853","38.156526"
"Μυκηναϊκό νεκροταφείο Βούντενης","Myceanean cemetery of Voundeni","21.781613","38.253983"
"Πόρτες","Portes","21.580313","37.928082"
"Μιτόπολη","Mitopoli","21.402831","38.032621"
"Καταρράκτης","Katarraktis","21.494189","38.045863"
"Σπαλιαρέικα","Spaliareika","21.581899","38.109189"
"Ιερό Ιτωνίας Αθηνάς","Philia","22.050674","39.261623"
"Αρχαίο Θέατρο στην Αιγείρα","Ancient Theater in Aigeira","22.223977","38.074255"
"Μουσείο Βιομηχανικής Ελαιουργίας Λέσβου","Museum of Industrial Olive Oil Production in Lesvos","26.268372","39.244377"
"Μουσείο Μαρμαροτεχνίας","Museum of Marble Crafts","25.043825","37.641015"
"Μουσείο Περιβάλλοντος Στυμφαλίας","Environment Museum of Stymphalia","22.467077","37.871906"
"Μουσείο Πλινθοκεραμοποιίας Ν. & Σ. Τσαλαπάτα","Rooftile and Brickworks Museum N. & S. Tsalapatas","22.932187","39.365078"
"Στράτος","Stratos","21.318964","38.671383"
"Γαλεριανό Συγκρότημα","Galerian Complex","22.949315","40.630335"
"Νεκροταφείο Μαζαρακιάς","Mazarakia Cemetery","20.383168","39.422154"
"Τύμβος Παραποτάμου","The Tumulus of  Parapotamos","20.330078","39.565346"
"Αγ. Δονάτος ","Agios Donatos","20.561948","39.395727"
"Αρχαία Ευρωπός","Ancient Europos","22.555448","40.887978"
"Διαδραστικό Αγροτικό Λαογραφικό Μουσείο Βαρνάβα","Inter-active Historical Folklore Museum of Varnavas","23.921286","38.223533"
"Ευρωπαϊκό Μουσείο Άρτου","Bread museum","23.921327","38.223615"
"Σπήλαιο Αγίου Ανδρέα στην Κάτω Καστανιά Βοιών","Agios Andreas cave","23.126232","36.525379"
"Αρχαϊκός ναός του Aπόλλωνα Αρχαίας Μητρόπολης","The Archaic Temple of Apollo at ancient Metropolis","21.819261","39.333507"
"Κάστρο Λαμίας","Lamia Castle","22.435188","38.904442"
"Προς τη Γένεση των Πόλεων","Towards the Birth of Cities","22.952939","40.625099"
"Νερόμυλοι στο Μαργαρίτι","Watermylls, Margariti","20.435069","39.348054"
"Κούλια στην Παραμυθιά","Tower \"Koulia\", Paramythia","20.514142","39.471189"
"Αρχαιολογική Συλλογή Μονεμβασιάς","Monemvasia Archaeological Collection","23.05541","36.687248"
"Αρχαία Αγορά Θεσσαλονίκης","Ancient Agora of Thessaloniki","22.945767","40.637771"
"Μουσείο Μικρασιατικού Ελληνισμού \"Φιλιώ Χαϊδεμένου\"","","23.740234","38.038668"
"Ναός Αγ. Νικολάου στα Κυριακοσέλλια Αποκορώνου","Church of Ag.Nikolaos","24.107316","35.407975"
"Μεταβυζαντινό λουτρό στην Παραμυθιά","Post-byzantine bath, Paramythia","20.511382","39.464561"
"Μεσοβυζαντινός ναός στη Γλυκή","Middle-byzantine temple, Glyki","20.606798","39.326403"
"Αρχαιολογικό Μουσείο Πύργου","Archaeological Museum of Pirgos","21.4407","37.6713"
"Ουζντίνα στις Πέντε Εκκλησιές","Uzdina, Pente Ekklisies","20.459219","39.591469"
"Οθωμανικός οικισμός Βραχωνά στα Σύβοτα","Muslim settlement at Vrachonas, Syvota","20.30238","39.408776"
"Ιστορικός χώρος Σουλίου","Historical site of Souli","20.64074","39.361253"
"Κάστρο Κιάφας στο Σούλι","Fortress of Kiafa, Souli","20.65207","39.336413"
"Κάστρο Ελευθεροχωρίου","Fortress of Eleftherochori","20.534386","39.499048"
"Κάστρο Μαργαριτίου","Fortress of Margariti","20.439596","39.354633"
"Ναός Παναγίας στην Παραμυθιά","Temple of Virgin Mary, Paramythia","20.511125","39.463664"
"Μονή Κοίμησης Θεοτόκου στο Γιρομέρι","Monastery of the Assumption, Giromeri","20.325425","39.654721"
"Μονή Κοίμησης Θεοτόκου στο Ράγιο","Monastery of the Assumption, Ragio","20.241875","39.57227"
"Μονή Αγίου Γεωργίου Καμίτσιανης","Monastery of Saint Georgios, Kamitsiani","20.361726","39.762976"
"Μονή Μεταμόρφωσης Σωτήρος στην Πλακωτή","Monastery of Our Savior's Transformation, Plakoti","20.4694","39.571057"
"Μονή Παναγίας Μίχλας στο Πολύδροσο","Monastery of Virgin Mary, Michla, Polydroso","20.486224","39.612598"
"Τρίκογχος ναός στη Χρυσαυγή","Temple, Chrysavgi","20.516922","39.437568"
"Βυζαντινό Μουσείο Διδυμοτείχου","Byzantine Museum of Didymoteicho","26.49773","41.347484"
"Βυζαντινό Μουσείο Διδυμοτείχου","Byzantine Museum of Didymoteicho","26.49773","41.347484"
"Νέα Μονή Χίου","Nea Moni at Chios","26.055534","38.373981"
"Αρχοντικό Κουγιουμτζόγλου/ σήμερα Λαογραφικό Μουσείο στην οδό Αντίκα 5-7, Παλιά Πόλη Ξάνθης","Kouyioumtzoglou Mansion/ today Folk Art Museum","24.88774","41.143574"
"Προϊστορική Μακεδονία","Prehistoric Macedonia","22.952939","40.625099"
"Αρχαιολογικό Μουσείο Θεσσαλονίκης","Archaelogical Museum of Thessaloniki","22.952775","40.62572"
"Αρχαιολογικό Μουσείο Ιωαννίνων","Archaeological Museum of Ioannina","20.855915","39.666621"
"Μνημείο των Πτολεμαίων","Monument of the Ptolemaic dynasty","21.631616","37.63851"
"Αγορά στην Κασσώπη","Agora of Cassope","20.674612","39.145651"
"Θαλάσσιο Φρουριο ενετικού λιμένος Ηρακλείου (Κούλες)","Venetian fortess at the harbour of Heraklion (Koules)","25.136883","35.344569"
"Αρχαιολογικό Μουσείο Πειραιά","Archaeological Museum of Piraeus","23.644321","37.936885"
"Αρχαιολογικό Μουσείο Πειραιά","Archaeological Museum of Piraeus","23.644321","37.936885"
"","","25.136933","35.338774"
"","","25.136933","35.338774"
"Αρχαιολογικό Μουσείο Δελφών","Delphi Archaeological Museum","22.499796","38.480211"
"Θαλάσσιο Φρουριο ενετικού λιμένος Ηρακλείου (Κούλες)","Venetian fortess at the harbour of Heraklion (Koules)","25.136883","35.344569"
"","","23.439869","40.380689"
"","","23.439869","40.380689"
"","","23.439869","40.380689"
"Θαλάσσιο Φρουριο ενετικού λιμένος Ηρακλείου (Κούλες)","Venetian fortess at the harbour of Heraklion (Koules)","25.136883","35.344569"
